manuscript_panel,measurement,unit,value,genotype_raw,rnai,screen_type,in_combined_screen,collection_date,replicate_id
Controls,EdU-positive cells per NSC clone,EdU+ cells per clone,8,Luciferase X mCherry,Control,control,TRUE,undated,b01
Controls,EdU-positive cells per NSC clone,EdU+ cells per clone,9,Luciferase X mCherry,Control,control,TRUE,undated,b01
Controls,EdU-positive cells per NSC clone,EdU+ cells per clone,12,Luciferase X mCherry,Control,control,TRUE,undated,b01
Controls,EdU-positive cells per NSC clone,EdU+ cells per clone,7,Luciferase X mCherry,Control,control,TRUE,undated,b01
Controls,EdU-positive cells per NSC clone,EdU+ cells per clone,11,Luciferase X mCherry,Control,control,TRUE,undated,b01
Controls,EdU-positive cells per NSC clone,EdU+ cells per clone,10,Luciferase X mCherry,Control,control,TRUE,undated,b01
Controls,EdU-positive cells per NSC clone,EdU+ cells per clone,8,Luciferase X mCherry,Control,control,TRUE,undated,b02
Controls,EdU-positive cells per NSC clone,EdU+ cells per clone,9,Luciferase X mCherry,Control,control,TRUE,undated,b02
Controls,EdU-positive cells per NSC clone,EdU+ cells per clone,14,Luciferase X mCherry,Control,control,TRUE,undated,b02
Controls,EdU-positive cells per NSC clone,EdU+ cells per clone,10,Luciferase X mCherry,Control,control,TRUE,undated,b02
Controls,EdU-positive cells per NSC clone,EdU+ cells per clone,9,Luciferase X mCherry,Control,control,TRUE,undated,b02
Controls,EdU-positive cells per NSC clone,EdU+ cells per clone,8,Luciferase X mCherry,Control,control,TRUE,undated,b03
Controls,EdU-positive cells per NSC clone,EdU+ cells per clone,10,Luciferase X mCherry,Control,control,TRUE,undated,b03
Controls,EdU-positive cells per NSC clone,EdU+ cells per clone,9,Luciferase X mCherry,Control,control,TRUE,undated,b03
Controls,EdU-positive cells per NSC clone,EdU+ cells per clone,8,Luciferase X mCherry,Control,control,TRUE,undated,b03
Controls,EdU-positive cells per NSC clone,EdU+ cells per clone,11,Luciferase X mCherry,Control,control,TRUE,undated,b03
Controls,EdU-positive cells per NSC clone,EdU+ cells per clone,10,Luciferase X mCherry,Control,control,TRUE,undated,b04
Controls,EdU-positive cells per NSC clone,EdU+ cells per clone,8,Luciferase X mCherry,Control,control,TRUE,undated,b04
Controls,EdU-positive cells per NSC clone,EdU+ cells per clone,7,Luciferase X mCherry,Control,control,TRUE,undated,b01
Controls,EdU-positive cells per NSC clone,EdU+ cells per clone,11,Luciferase X mCherry,Control,control,TRUE,undated,b01
Controls,EdU-positive cells per NSC clone,EdU+ cells per clone,9,Luciferase X mCherry,Control,control,TRUE,undated,b01
Controls,EdU-positive cells per NSC clone,EdU+ cells per clone,14,Luciferase X mCherry,Control,control,TRUE,undated,b01
Controls,EdU-positive cells per NSC clone,EdU+ cells per clone,10,Luciferase X mCherry,Control,control,TRUE,undated,b01
Controls,EdU-positive cells per NSC clone,EdU+ cells per clone,7,Luciferase X mCherry,Control,control,TRUE,session_01,b05
Controls,EdU-positive cells per NSC clone,EdU+ cells per clone,11,Luciferase X mCherry,Control,control,TRUE,session_01,b05
Controls,EdU-positive cells per NSC clone,EdU+ cells per clone,8,Luciferase X mCherry,Control,control,TRUE,session_01,b05
Controls,EdU-positive cells per NSC clone,EdU+ cells per clone,6,Luciferase X mCherry,Control,control,TRUE,session_02,b06
Controls,EdU-positive cells per NSC clone,EdU+ cells per clone,3,Luciferase X mCherry,Control,control,TRUE,session_02,b06
Controls,EdU-positive cells per NSC clone,EdU+ cells per clone,9,Luciferase X mCherry,Control,control,TRUE,session_02,b07
Controls,EdU-positive cells per NSC clone,EdU+ cells per clone,11,Luciferase X mCherry,Control,control,TRUE,session_02,b07
Controls,EdU-positive cells per NSC clone,EdU+ cells per clone,8,Luciferase X mCherry,Control,control,TRUE,session_02,b07
Controls,EdU-positive cells per NSC clone,EdU+ cells per clone,6,Luciferase X mCherry,Control,control,TRUE,session_02,b07
Controls,EdU-positive cells per NSC clone,EdU+ cells per clone,7,Luciferase X mCherry,Control,control,TRUE,session_02,b07
Controls,EdU-positive cells per NSC clone,EdU+ cells per clone,6,Luciferase X mCherry,Control,control,TRUE,session_02,b07
Controls,EdU-positive cells per NSC clone,EdU+ cells per clone,7,Luciferase X mCherry,Control,control,TRUE,session_02,b08
Controls,EdU-positive cells per NSC clone,EdU+ cells per clone,7,Luciferase X mCherry,Control,control,TRUE,session_02,b08
Controls,EdU-positive cells per NSC clone,EdU+ cells per clone,5,Luciferase X mCherry,Control,control,TRUE,session_02,b08
Controls,EdU-positive cells per NSC clone,EdU+ cells per clone,8,Luciferase X mCherry,Control,control,TRUE,session_02,b08
Controls,EdU-positive cells per NSC clone,EdU+ cells per clone,5,Luciferase X mCherry,Control,control,TRUE,session_02,b08
Controls,EdU-positive cells per NSC clone,EdU+ cells per clone,5,Luciferase X mCherry,Control,control,TRUE,session_02,b08
Controls,EdU-positive cells per NSC clone,EdU+ cells per clone,7,Luciferase X mCherry,Control,control,TRUE,session_02,b08
Controls,EdU-positive cells per NSC clone,EdU+ cells per clone,9,Luciferase X mCherry,Control,control,TRUE,session_03,b09
Controls,EdU-positive cells per NSC clone,EdU+ cells per clone,10,Luciferase X mCherry,Control,control,TRUE,session_03,b09
Controls,EdU-positive cells per NSC clone,EdU+ cells per clone,7,Luciferase X mCherry,Control,control,TRUE,session_03,b10
Controls,EdU-positive cells per NSC clone,EdU+ cells per clone,11,Luciferase X mCherry,Control,control,TRUE,session_03,b10
Controls,EdU-positive cells per NSC clone,EdU+ cells per clone,6,Luciferase X mCherry,Control,control,TRUE,session_03,b10
Controls,EdU-positive cells per NSC clone,EdU+ cells per clone,6,Luciferase X mCherry,Control,control,TRUE,session_03,b10
Controls,EdU-positive cells per NSC clone,EdU+ cells per clone,10,Luciferase X mCherry,Control,control,TRUE,session_03,b10
Controls,EdU-positive cells per NSC clone,EdU+ cells per clone,7,Luciferase X mCherry,Control,control,TRUE,session_03,b10
Controls,EdU-positive cells per NSC clone,EdU+ cells per clone,7,Luciferase X mCherry,Control,control,TRUE,session_03,b10
Controls,EdU-positive cells per NSC clone,EdU+ cells per clone,9,Luciferase X mCherry,Control,control,TRUE,session_03,b10
Controls,EdU-positive cells per NSC clone,EdU+ cells per clone,7,Luciferase X mCherry,Control,control,TRUE,session_03,b11
Controls,EdU-positive cells per NSC clone,EdU+ cells per clone,5,Luciferase X mCherry,Control,control,TRUE,session_03,b11
Controls,EdU-positive cells per NSC clone,EdU+ cells per clone,7,Luciferase X mCherry,Control,control,TRUE,session_03,b11
Controls,EdU-positive cells per NSC clone,EdU+ cells per clone,5,Luciferase X mCherry,Control,control,TRUE,session_03,b11
Controls,EdU-positive cells per NSC clone,EdU+ cells per clone,3,Luciferase X mCherry,Control,control,TRUE,session_03,b11
Controls,EdU-positive cells per NSC clone,EdU+ cells per clone,8,Luciferase X mCherry,Control,control,TRUE,session_03,b12
Controls,EdU-positive cells per NSC clone,EdU+ cells per clone,7,Luciferase X mCherry,Control,control,TRUE,session_03,b12
Controls,EdU-positive cells per NSC clone,EdU+ cells per clone,5,Luciferase X mCherry,Control,control,TRUE,session_03,b12
Controls,EdU-positive cells per NSC clone,EdU+ cells per clone,4,Luciferase X mCherry,Control,control,TRUE,session_03,b12
Controls,EdU-positive cells per NSC clone,EdU+ cells per clone,8,Luciferase X mCherry,Control,control,TRUE,session_03,b13
Controls,EdU-positive cells per NSC clone,EdU+ cells per clone,6,Luciferase X mCherry,Control,control,TRUE,session_03,b13
Controls,EdU-positive cells per NSC clone,EdU+ cells per clone,9,Luciferase X mCherry,Control,control,TRUE,session_03,b13
Controls,EdU-positive cells per NSC clone,EdU+ cells per clone,4,Luciferase X mCherry,Control,control,TRUE,session_03,b13
Controls,EdU-positive cells per NSC clone,EdU+ cells per clone,9,Luciferase X mCherry,Control,control,TRUE,session_03,b13
Controls,EdU-positive cells per NSC clone,EdU+ cells per clone,9,Luciferase X mCherry,Control,control,TRUE,session_03,b14
Controls,EdU-positive cells per NSC clone,EdU+ cells per clone,9,Luciferase X mCherry,Control,control,TRUE,session_03,b14
Controls,EdU-positive cells per NSC clone,EdU+ cells per clone,7,Luciferase X mCherry,Control,control,TRUE,session_03,b14
Controls,EdU-positive cells per NSC clone,EdU+ cells per clone,10,Luciferase X mCherry,Control,control,TRUE,session_03,b14
Controls,EdU-positive cells per NSC clone,EdU+ cells per clone,8,Luciferase X mCherry,Control,control,TRUE,session_03,b14
Controls,EdU-positive cells per NSC clone,EdU+ cells per clone,7,Luciferase X mCherry,Control,control,TRUE,session_03,b15
Controls,EdU-positive cells per NSC clone,EdU+ cells per clone,6,Luciferase X mCherry,Control,control,TRUE,session_03,b15
Controls,EdU-positive cells per NSC clone,EdU+ cells per clone,6,Luciferase X mCherry,Control,control,TRUE,session_03,b15
Controls,EdU-positive cells per NSC clone,EdU+ cells per clone,6,Luciferase X mCherry,Control,control,TRUE,session_03,b15
Controls,EdU-positive cells per NSC clone,EdU+ cells per clone,7,Luciferase X mCherry,Control,control,TRUE,session_03,b15
Controls,EdU-positive cells per NSC clone,EdU+ cells per clone,7,Luciferase X mCherry,Control,control,TRUE,session_03,b15
Controls,EdU-positive cells per NSC clone,EdU+ cells per clone,5,Luciferase X mCherry,Control,control,TRUE,session_03,b16
Controls,EdU-positive cells per NSC clone,EdU+ cells per clone,7,Luciferase X mCherry,Control,control,TRUE,session_03,b16
Controls,EdU-positive cells per NSC clone,EdU+ cells per clone,6,Luciferase X ND42,Complex I,control,TRUE,undated,b17
Controls,EdU-positive cells per NSC clone,EdU+ cells per clone,4,Luciferase X ND42,Complex I,control,TRUE,undated,b17
Controls,EdU-positive cells per NSC clone,EdU+ cells per clone,7,Luciferase X ND42,Complex I,control,TRUE,undated,b17
Controls,EdU-positive cells per NSC clone,EdU+ cells per clone,8,Luciferase X ND42,Complex I,control,TRUE,undated,b17
Controls,EdU-positive cells per NSC clone,EdU+ cells per clone,9,Luciferase X ND42,Complex I,control,TRUE,undated,b17
Controls,EdU-positive cells per NSC clone,EdU+ cells per clone,14,Luciferase X ND42,Complex I,control,TRUE,undated,b18
Controls,EdU-positive cells per NSC clone,EdU+ cells per clone,8,Luciferase X ND42,Complex I,control,TRUE,undated,b18
Controls,EdU-positive cells per NSC clone,EdU+ cells per clone,7,Luciferase X ND42,Complex I,control,TRUE,undated,b19
Controls,EdU-positive cells per NSC clone,EdU+ cells per clone,7,Luciferase X ND42,Complex I,control,TRUE,undated,b19
Controls,EdU-positive cells per NSC clone,EdU+ cells per clone,10,Luciferase X ND42,Complex I,control,TRUE,undated,b19
Controls,EdU-positive cells per NSC clone,EdU+ cells per clone,8,Luciferase X ND42,Complex I,control,TRUE,undated,b19
Controls,EdU-positive cells per NSC clone,EdU+ cells per clone,8,Luciferase X ND42,Complex I,control,TRUE,undated,b19
Controls,EdU-positive cells per NSC clone,EdU+ cells per clone,7,Luciferase X ND42,Complex I,control,TRUE,undated,b19
Controls,EdU-positive cells per NSC clone,EdU+ cells per clone,5,Luciferase X ND42,Complex I,control,TRUE,undated,b19
Controls,EdU-positive cells per NSC clone,EdU+ cells per clone,7,Luciferase X ND42,Complex I,control,TRUE,session_02,b20
Controls,EdU-positive cells per NSC clone,EdU+ cells per clone,4,Luciferase X ND42,Complex I,control,TRUE,session_02,b20
Controls,EdU-positive cells per NSC clone,EdU+ cells per clone,6,Luciferase X ND42,Complex I,control,TRUE,session_02,b20
Controls,EdU-positive cells per NSC clone,EdU+ cells per clone,6,Luciferase X ND42,Complex I,control,TRUE,session_02,b20
Controls,EdU-positive cells per NSC clone,EdU+ cells per clone,6,Luciferase X ND42,Complex I,control,TRUE,session_02,b20
Controls,EdU-positive cells per NSC clone,EdU+ cells per clone,4,Luciferase X ND42,Complex I,control,TRUE,session_02,b20
Controls,EdU-positive cells per NSC clone,EdU+ cells per clone,7,Luciferase X ND42,Complex I,control,TRUE,session_02,b20
Controls,EdU-positive cells per NSC clone,EdU+ cells per clone,7,Luciferase X ND42,Complex I,control,TRUE,session_02,b20
Controls,EdU-positive cells per NSC clone,EdU+ cells per clone,10,Luciferase X ND42,Complex I,control,TRUE,session_04,b21
Controls,EdU-positive cells per NSC clone,EdU+ cells per clone,8,Luciferase X ND42,Complex I,control,TRUE,session_04,b21
Controls,EdU-positive cells per NSC clone,EdU+ cells per clone,7,Luciferase X ND42,Complex I,control,TRUE,session_04,b21
Controls,EdU-positive cells per NSC clone,EdU+ cells per clone,10,Luciferase X ND42,Complex I,control,TRUE,session_04,b21
Controls,EdU-positive cells per NSC clone,EdU+ cells per clone,5,Luciferase X ND42,Complex I,control,TRUE,session_04,b21
Controls,EdU-positive cells per NSC clone,EdU+ cells per clone,6,Luciferase X ND42,Complex I,control,TRUE,session_04,b22
Controls,EdU-positive cells per NSC clone,EdU+ cells per clone,7,Luciferase X ND42,Complex I,control,TRUE,session_04,b22
Controls,EdU-positive cells per NSC clone,EdU+ cells per clone,7,Luciferase X ND42,Complex I,control,TRUE,session_04,b22
Controls,EdU-positive cells per NSC clone,EdU+ cells per clone,9,Luciferase X ND42,Complex I,control,TRUE,session_04,b22
Controls,EdU-positive cells per NSC clone,EdU+ cells per clone,7,Luciferase X ND42,Complex I,control,TRUE,session_04,b22
Controls,EdU-positive cells per NSC clone,EdU+ cells per clone,7,Luciferase X ND42,Complex I,control,TRUE,session_05,b23
Controls,EdU-positive cells per NSC clone,EdU+ cells per clone,6,Luciferase X ND42,Complex I,control,TRUE,session_05,b23
Controls,EdU-positive cells per NSC clone,EdU+ cells per clone,7,Luciferase X ND42,Complex I,control,TRUE,session_05,b23
Controls,EdU-positive cells per NSC clone,EdU+ cells per clone,5,Luciferase X ND42,Complex I,control,TRUE,session_05,b23
Controls,EdU-positive cells per NSC clone,EdU+ cells per clone,10,Luciferase X ND42,Complex I,control,TRUE,session_05,b23
Controls,EdU-positive cells per NSC clone,EdU+ cells per clone,9,Luciferase X ND42,Complex I,control,TRUE,session_05,b23
Controls,EdU-positive cells per NSC clone,EdU+ cells per clone,9,Luciferase X ND42,Complex I,control,TRUE,session_05,b23
Controls,EdU-positive cells per NSC clone,EdU+ cells per clone,10,Luciferase X ND42,Complex I,control,TRUE,session_05,b24
Controls,EdU-positive cells per NSC clone,EdU+ cells per clone,6,Luciferase X ND42,Complex I,control,TRUE,session_05,b24
Controls,EdU-positive cells per NSC clone,EdU+ cells per clone,13,Luciferase X ND42,Complex I,control,TRUE,session_05,b24
Controls,EdU-positive cells per NSC clone,EdU+ cells per clone,9,Luciferase X ND42,Complex I,control,TRUE,session_05,b24
Controls,EdU-positive cells per NSC clone,EdU+ cells per clone,11,Luciferase X ND42,Complex I,control,TRUE,session_05,b25
Controls,EdU-positive cells per NSC clone,EdU+ cells per clone,7,Luciferase X ND42,Complex I,control,TRUE,session_05,b25
Controls,EdU-positive cells per NSC clone,EdU+ cells per clone,10,Luciferase X ND42,Complex I,control,TRUE,session_05,b25
Controls,EdU-positive cells per NSC clone,EdU+ cells per clone,7,Luciferase X ND42,Complex I,control,TRUE,session_05,b25
Controls,EdU-positive cells per NSC clone,EdU+ cells per clone,10,Luciferase X ND42,Complex I,control,TRUE,session_05,b25
Controls,EdU-positive cells per NSC clone,EdU+ cells per clone,10,Luciferase X ND42,Complex I,control,TRUE,session_05,b25
Controls,EdU-positive cells per NSC clone,EdU+ cells per clone,6,Luciferase X ND42,Complex I,control,TRUE,session_05,b25
Controls,EdU-positive cells per NSC clone,EdU+ cells per clone,9,Luciferase X ND42,Complex I,control,TRUE,session_05,b25
Controls,EdU-positive cells per NSC clone,EdU+ cells per clone,12,Luciferase X ND42,Complex I,control,TRUE,session_05,b25
Controls,EdU-positive cells per NSC clone,EdU+ cells per clone,6,Luciferase X ND42,Complex I,control,TRUE,session_05,b25
Controls,EdU-positive cells per NSC clone,EdU+ cells per clone,8,Luciferase X ND42,Complex I,control,TRUE,session_06,b26
Controls,EdU-positive cells per NSC clone,EdU+ cells per clone,7,Luciferase X ND42,Complex I,control,TRUE,session_06,b26
Controls,EdU-positive cells per NSC clone,EdU+ cells per clone,7,Luciferase X ND42,Complex I,control,TRUE,session_06,b26
Controls,EdU-positive cells per NSC clone,EdU+ cells per clone,6,Luciferase X ND42,Complex I,control,TRUE,session_06,b26
Controls,EdU-positive cells per NSC clone,EdU+ cells per clone,6,Luciferase X ND42,Complex I,control,TRUE,session_06,b26
Controls,EdU-positive cells per NSC clone,EdU+ cells per clone,6,Luciferase X ND42,Complex I,control,TRUE,session_06,b26
Controls,EdU-positive cells per NSC clone,EdU+ cells per clone,7,Luciferase X ND42,Complex I,control,TRUE,session_06,b26
Controls,EdU-positive cells per NSC clone,EdU+ cells per clone,6,Luciferase X ND42,Complex I,control,TRUE,session_06,b27
Controls,EdU-positive cells per NSC clone,EdU+ cells per clone,6,Luciferase X ND42,Complex I,control,TRUE,session_06,b27
Controls,EdU-positive cells per NSC clone,EdU+ cells per clone,8,Luciferase X ND42,Complex I,control,TRUE,session_06,b27
Controls,EdU-positive cells per NSC clone,EdU+ cells per clone,10,Luciferase X ND42,Complex I,control,TRUE,session_06,b27
Controls,EdU-positive cells per NSC clone,EdU+ cells per clone,9,Luciferase X ND42,Complex I,control,TRUE,session_06,b27
Controls,EdU-positive cells per NSC clone,EdU+ cells per clone,8,Luciferase X ND42,Complex I,control,TRUE,session_06,b28
Controls,EdU-positive cells per NSC clone,EdU+ cells per clone,8,Luciferase X ND42,Complex I,control,TRUE,session_06,b28
Controls,EdU-positive cells per NSC clone,EdU+ cells per clone,10,Luciferase X ND42,Complex I,control,TRUE,session_06,b28
Controls,EdU-positive cells per NSC clone,EdU+ cells per clone,6,Luciferase X ND42,Complex I,control,TRUE,session_06,b28
Controls,EdU-positive cells per NSC clone,EdU+ cells per clone,7,Luciferase X ND42,Complex I,control,TRUE,session_06,b28
Controls,EdU-positive cells per NSC clone,EdU+ cells per clone,8,Luciferase X ND42,Complex I,control,TRUE,session_06,b28
Controls,EdU-positive cells per NSC clone,EdU+ cells per clone,7,Luciferase X ND42,Complex I,control,TRUE,session_06,b28
Controls,EdU-positive cells per NSC clone,EdU+ cells per clone,5,Luciferase X ND42,Complex I,control,TRUE,session_06,b28
Controls,EdU-positive cells per NSC clone,EdU+ cells per clone,9,Luciferase X ND42,Complex I,control,TRUE,session_07,b29
Controls,EdU-positive cells per NSC clone,EdU+ cells per clone,10,Luciferase X ND42,Complex I,control,TRUE,session_07,b29
Controls,EdU-positive cells per NSC clone,EdU+ cells per clone,8,Luciferase X ND42,Complex I,control,TRUE,session_07,b29
Controls,EdU-positive cells per NSC clone,EdU+ cells per clone,8,Luciferase X ND42,Complex I,control,TRUE,session_07,b29
Controls,EdU-positive cells per NSC clone,EdU+ cells per clone,10,Luciferase X ND42,Complex I,control,TRUE,session_07,b30
Controls,EdU-positive cells per NSC clone,EdU+ cells per clone,6,Luciferase X ND42,Complex I,control,TRUE,session_07,b30
Controls,EdU-positive cells per NSC clone,EdU+ cells per clone,9,Luciferase X ND42,Complex I,control,TRUE,session_07,b30
Controls,EdU-positive cells per NSC clone,EdU+ cells per clone,7,Luciferase X ND42,Complex I,control,TRUE,session_07,b30
Controls,EdU-positive cells per NSC clone,EdU+ cells per clone,7,Luciferase X ND42,Complex I,control,TRUE,session_07,b31
Controls,EdU-positive cells per NSC clone,EdU+ cells per clone,8,Luciferase X ND42,Complex I,control,TRUE,session_07,b31
Controls,EdU-positive cells per NSC clone,EdU+ cells per clone,5,Luciferase X ND42,Complex I,control,TRUE,session_07,b31
Controls,EdU-positive cells per NSC clone,EdU+ cells per clone,6,Luciferase X ND42,Complex I,control,TRUE,session_07,b32
Controls,EdU-positive cells per NSC clone,EdU+ cells per clone,8,Luciferase X ND42,Complex I,control,TRUE,session_07,b32
Controls,EdU-positive cells per NSC clone,EdU+ cells per clone,6,Luciferase X ND42,Complex I,control,TRUE,session_07,b32
Controls,EdU-positive cells per NSC clone,EdU+ cells per clone,8,Luciferase X ND42,Complex I,control,TRUE,session_07,b33
Controls,EdU-positive cells per NSC clone,EdU+ cells per clone,8,Luciferase X ND42,Complex I,control,TRUE,session_07,b33
Controls,EdU-positive cells per NSC clone,EdU+ cells per clone,7,Luciferase X ND42,Complex I,control,TRUE,session_07,b33
Controls,EdU-positive cells per NSC clone,EdU+ cells per clone,6,Luciferase X ND42,Complex I,control,TRUE,session_07,b33
Controls,EdU-positive cells per NSC clone,EdU+ cells per clone,5,Luciferase X ND42,Complex I,control,TRUE,session_07,b33
Controls,EdU-positive cells per NSC clone,EdU+ cells per clone,6,Luciferase X ND42,Complex I,control,TRUE,session_07,b33
Controls,EdU-positive cells per NSC clone,EdU+ cells per clone,10,Luciferase X ND42,Complex I,control,TRUE,session_07,b34
Controls,EdU-positive cells per NSC clone,EdU+ cells per clone,6,Luciferase X ND42,Complex I,control,TRUE,session_07,b34
Controls,EdU-positive cells per NSC clone,EdU+ cells per clone,8,Luciferase X ND42,Complex I,control,TRUE,session_07,b34
Controls,EdU-positive cells per NSC clone,EdU+ cells per clone,8,Luciferase X ND42,Complex I,control,TRUE,session_07,b34
Controls,EdU-positive cells per NSC clone,EdU+ cells per clone,9,Luciferase X ND42,Complex I,control,TRUE,session_07,b34
Controls,EdU-positive cells per NSC clone,EdU+ cells per clone,6,Luciferase X ND42,Complex I,control,TRUE,session_08,b35
Controls,EdU-positive cells per NSC clone,EdU+ cells per clone,5,Luciferase X ND42,Complex I,control,TRUE,session_08,b35
Controls,EdU-positive cells per NSC clone,EdU+ cells per clone,8,Luciferase X ND42,Complex I,control,TRUE,session_08,b35
Controls,EdU-positive cells per NSC clone,EdU+ cells per clone,6,Luciferase X ND42,Complex I,control,TRUE,session_08,b35
Controls,EdU-positive cells per NSC clone,EdU+ cells per clone,7,Luciferase X ND42,Complex I,control,TRUE,session_09,b36
Controls,EdU-positive cells per NSC clone,EdU+ cells per clone,5,Luciferase X ND42,Complex I,control,TRUE,session_09,b36
Controls,EdU-positive cells per NSC clone,EdU+ cells per clone,6,Luciferase X ND42,Complex I,control,TRUE,session_09,b37
Controls,EdU-positive cells per NSC clone,EdU+ cells per clone,6,Luciferase X ND42,Complex I,control,TRUE,session_09,b37
Controls,EdU-positive cells per NSC clone,EdU+ cells per clone,8,Luciferase X ND42,Complex I,control,TRUE,session_09,b37
Controls,EdU-positive cells per NSC clone,EdU+ cells per clone,7,Luciferase X ND42,Complex I,control,TRUE,session_09,b37
Controls,EdU-positive cells per NSC clone,EdU+ cells per clone,6,Luciferase X ND42,Complex I,control,TRUE,session_09,b37
Controls,EdU-positive cells per NSC clone,EdU+ cells per clone,8,Luciferase X ND42,Complex I,control,TRUE,session_10,b38
Controls,EdU-positive cells per NSC clone,EdU+ cells per clone,8,Luciferase X ND42,Complex I,control,TRUE,session_10,b38
Controls,EdU-positive cells per NSC clone,EdU+ cells per clone,3,Luciferase X ND42,Complex I,control,TRUE,session_10,b38
Controls,EdU-positive cells per NSC clone,EdU+ cells per clone,6,Luciferase X ND42,Complex I,control,TRUE,session_10,b38
Controls,EdU-positive cells per NSC clone,EdU+ cells per clone,9,Luciferase X ND42,Complex I,control,TRUE,session_10,b39
Controls,EdU-positive cells per NSC clone,EdU+ cells per clone,4,Luciferase X ND42,Complex I,control,TRUE,session_10,b39
Controls,EdU-positive cells per NSC clone,EdU+ cells per clone,7,Luciferase X ND42,Complex I,control,TRUE,session_10,b39
Controls,EdU-positive cells per NSC clone,EdU+ cells per clone,8,Luciferase X ND42,Complex I,control,TRUE,session_10,b39
Controls,EdU-positive cells per NSC clone,EdU+ cells per clone,7,Luciferase X ND42,Complex I,control,TRUE,session_10,b39
Controls,EdU-positive cells per NSC clone,EdU+ cells per clone,8,Luciferase X ND42,Complex I,control,TRUE,session_10,b40
Controls,EdU-positive cells per NSC clone,EdU+ cells per clone,7,Luciferase X ND42,Complex I,control,TRUE,session_10,b40
Controls,EdU-positive cells per NSC clone,EdU+ cells per clone,7,Luciferase X ND42,Complex I,control,TRUE,session_10,b40
Controls,EdU-positive cells per NSC clone,EdU+ cells per clone,7,Luciferase X ND42,Complex I,control,TRUE,session_10,b40
Controls,EdU-positive cells per NSC clone,EdU+ cells per clone,4,Luciferase X ND42,Complex I,control,TRUE,session_10,b40
Controls,EdU-positive cells per NSC clone,EdU+ cells per clone,5,Luciferase X ND42,Complex I,control,TRUE,session_10,b40
Controls,EdU-positive cells per NSC clone,EdU+ cells per clone,10,Luciferase X ND42,Complex I,control,TRUE,session_10,b41
Controls,EdU-positive cells per NSC clone,EdU+ cells per clone,6,Luciferase X ND42,Complex I,control,TRUE,session_10,b42
Controls,EdU-positive cells per NSC clone,EdU+ cells per clone,6,Luciferase X ND42,Complex I,control,TRUE,session_10,b42
Controls,EdU-positive cells per NSC clone,EdU+ cells per clone,6,Luciferase X ND42,Complex I,control,TRUE,session_10,b42
Controls,EdU-positive cells per NSC clone,EdU+ cells per clone,4,Luciferase X ND42,Complex I,control,TRUE,session_10,b42
Controls,EdU-positive cells per NSC clone,EdU+ cells per clone,5,Luciferase X ND42,Complex I,control,TRUE,session_10,b42
Controls,EdU-positive cells per NSC clone,EdU+ cells per clone,8,Luciferase X ND42,Complex I,control,TRUE,session_10,b43
Controls,EdU-positive cells per NSC clone,EdU+ cells per clone,8,Luciferase X ND42,Complex I,control,TRUE,session_10,b43
Controls,EdU-positive cells per NSC clone,EdU+ cells per clone,8,Luciferase X ND42,Complex I,control,TRUE,session_10,b43
Controls,EdU-positive cells per NSC clone,EdU+ cells per clone,7,Luciferase X ND42,Complex I,control,TRUE,session_10,b43
Controls,EdU-positive cells per NSC clone,EdU+ cells per clone,4,Luciferase X ND42,Complex I,control,TRUE,session_10,b43
Controls,EdU-positive cells per NSC clone,EdU+ cells per clone,10,Luciferase X ND42,Complex I,control,TRUE,session_10,b44
Controls,EdU-positive cells per NSC clone,EdU+ cells per clone,8,Luciferase X ND42,Complex I,control,TRUE,session_10,b44
Controls,EdU-positive cells per NSC clone,EdU+ cells per clone,7,Luciferase X ND42,Complex I,control,TRUE,session_10,b44
Controls,EdU-positive cells per NSC clone,EdU+ cells per clone,7,Luciferase X ND42,Complex I,control,TRUE,session_10,b44
Controls,EdU-positive cells per NSC clone,EdU+ cells per clone,3,Luciferase X ND42,Complex I,control,TRUE,session_11,b45
Controls,EdU-positive cells per NSC clone,EdU+ cells per clone,3,Luciferase X ND42,Complex I,control,TRUE,session_11,b45
Controls,EdU-positive cells per NSC clone,EdU+ cells per clone,7,Luciferase X ND42,Complex I,control,TRUE,session_11,b45
Controls,EdU-positive cells per NSC clone,EdU+ cells per clone,5,Luciferase X ND42,Complex I,control,TRUE,session_11,b45
Controls,EdU-positive cells per NSC clone,EdU+ cells per clone,7,Luciferase X ND42,Complex I,control,TRUE,session_11,b46
Controls,EdU-positive cells per NSC clone,EdU+ cells per clone,7,Luciferase X ND42,Complex I,control,TRUE,session_11,b46
Controls,EdU-positive cells per NSC clone,EdU+ cells per clone,7,Luciferase X ND42,Complex I,control,TRUE,session_11,b46
Controls,EdU-positive cells per NSC clone,EdU+ cells per clone,7,Luciferase X ND42,Complex I,control,TRUE,session_11,b46
Controls,EdU-positive cells per NSC clone,EdU+ cells per clone,6,Luciferase X ND42,Complex I,control,TRUE,session_11,b47
Controls,EdU-positive cells per NSC clone,EdU+ cells per clone,7,Luciferase X ND42,Complex I,control,TRUE,session_11,b47
Controls,EdU-positive cells per NSC clone,EdU+ cells per clone,5,Luciferase X ND42,Complex I,control,TRUE,session_11,b47
Controls,EdU-positive cells per NSC clone,EdU+ cells per clone,6,Luciferase X ND42,Complex I,control,TRUE,session_11,b47
Controls,EdU-positive cells per NSC clone,EdU+ cells per clone,6,Luciferase X ND42,Complex I,control,TRUE,session_11,b47
Controls,EdU-positive cells per NSC clone,EdU+ cells per clone,4,Luciferase X ND42,Complex I,control,TRUE,session_11,b47
Controls,EdU-positive cells per NSC clone,EdU+ cells per clone,5,Luciferase X ND42,Complex I,control,TRUE,session_11,b47
Controls,EdU-positive cells per NSC clone,EdU+ cells per clone,12,Luciferase X ND42,Complex I,control,TRUE,session_12,b48
Controls,EdU-positive cells per NSC clone,EdU+ cells per clone,10,Luciferase X ND42,Complex I,control,TRUE,session_12,b48
Controls,EdU-positive cells per NSC clone,EdU+ cells per clone,9,Luciferase X ND42,Complex I,control,TRUE,session_12,b48
Controls,EdU-positive cells per NSC clone,EdU+ cells per clone,9,Luciferase X ND42,Complex I,control,TRUE,session_12,b48
Controls,EdU-positive cells per NSC clone,EdU+ cells per clone,5,Luciferase X ND42,Complex I,control,TRUE,session_12,b49
Controls,EdU-positive cells per NSC clone,EdU+ cells per clone,4,Luciferase X ND42,Complex I,control,TRUE,session_12,b49
Controls,EdU-positive cells per NSC clone,EdU+ cells per clone,4,Luciferase X ND42,Complex I,control,TRUE,session_12,b49
Controls,EdU-positive cells per NSC clone,EdU+ cells per clone,6,Luciferase X ND42,Complex I,control,TRUE,session_12,b49
Controls,EdU-positive cells per NSC clone,EdU+ cells per clone,5,Luciferase X ND42,Complex I,control,TRUE,session_12,b49
Controls,EdU-positive cells per NSC clone,EdU+ cells per clone,7,Luciferase X ND42,Complex I,control,TRUE,session_12,b49
Controls,EdU-positive cells per NSC clone,EdU+ cells per clone,10,Luciferase X ND42,Complex I,control,TRUE,session_12,b50
Controls,EdU-positive cells per NSC clone,EdU+ cells per clone,7,Luciferase X ND42,Complex I,control,TRUE,session_12,b50
Controls,EdU-positive cells per NSC clone,EdU+ cells per clone,10,Luciferase X ND42,Complex I,control,TRUE,session_12,b51
Controls,EdU-positive cells per NSC clone,EdU+ cells per clone,8,Luciferase X ND42,Complex I,control,TRUE,session_12,b51
Controls,EdU-positive cells per NSC clone,EdU+ cells per clone,8,Luciferase X ND42,Complex I,control,TRUE,session_12,b51
Controls,EdU-positive cells per NSC clone,EdU+ cells per clone,7,Luciferase X ND42,Complex I,control,TRUE,session_12,b52
Controls,EdU-positive cells per NSC clone,EdU+ cells per clone,7,Luciferase X ND42,Complex I,control,TRUE,session_12,b52
Fig_4D,EdU-positive cells per NSC clone,EdU+ cells per clone,8,ND42 x CG43693,Complex I,transporter,TRUE,undated,b53
Fig_4D,EdU-positive cells per NSC clone,EdU+ cells per clone,4,ND42 x CG43693,Complex I,transporter,TRUE,undated,b53
Fig_4D,EdU-positive cells per NSC clone,EdU+ cells per clone,6,ND42 x CG43693,Complex I,transporter,TRUE,undated,b53
Fig_4D,EdU-positive cells per NSC clone,EdU+ cells per clone,5,ND42 x CG43693,Complex I,transporter,TRUE,undated,b53
Fig_4D,EdU-positive cells per NSC clone,EdU+ cells per clone,8,ND42 x CG43693,Complex I,transporter,TRUE,undated,b53
Fig_4D,EdU-positive cells per NSC clone,EdU+ cells per clone,7,ND42 x CG43693,Complex I,transporter,TRUE,undated,b54
Fig_4D,EdU-positive cells per NSC clone,EdU+ cells per clone,5,ND42 x CG43693,Complex I,transporter,TRUE,undated,b54
Fig_4D,EdU-positive cells per NSC clone,EdU+ cells per clone,5,ND42 x CG43693,Complex I,transporter,TRUE,undated,b54
Fig_4D,EdU-positive cells per NSC clone,EdU+ cells per clone,9,ND42 x CG43693,Complex I,transporter,TRUE,undated,b54
Fig_4D,EdU-positive cells per NSC clone,EdU+ cells per clone,9,ND42 x CG43693,Complex I,transporter,TRUE,undated,b54
Fig_4D,EdU-positive cells per NSC clone,EdU+ cells per clone,12,ND42 x CG43693,Complex I,transporter,TRUE,session_13,b55
Fig_4D,EdU-positive cells per NSC clone,EdU+ cells per clone,9,ND42 x CG43693,Complex I,transporter,TRUE,session_13,b55
Fig_4D,EdU-positive cells per NSC clone,EdU+ cells per clone,16,ND42 x CG43693,Complex I,transporter,TRUE,session_13,b55
Fig_4D,EdU-positive cells per NSC clone,EdU+ cells per clone,8,ND42 x CG43693,Complex I,transporter,TRUE,session_14,b56
Fig_4D,EdU-positive cells per NSC clone,EdU+ cells per clone,12,ND42 x CG43693,Complex I,transporter,TRUE,session_14,b56
Fig_4D,EdU-positive cells per NSC clone,EdU+ cells per clone,9,ND42 x CG43693,Complex I,transporter,TRUE,session_14,b56
Fig_4D,EdU-positive cells per NSC clone,EdU+ cells per clone,8,ND42 x CG43693,Complex I,transporter,TRUE,session_14,b56
Fig_4D,EdU-positive cells per NSC clone,EdU+ cells per clone,5,ND42 x CG43693,Complex I,transporter,TRUE,session_14,b56
Fig_4D,EdU-positive cells per NSC clone,EdU+ cells per clone,9,ND42 x CG43693,Complex I,transporter,TRUE,session_14,b57
Fig_4D,EdU-positive cells per NSC clone,EdU+ cells per clone,11,ND42 x CG43693,Complex I,transporter,TRUE,session_14,b57
Fig_4D,EdU-positive cells per NSC clone,EdU+ cells per clone,7,ND42 x CG43693,Complex I,transporter,TRUE,session_14,b57
Fig_4D,EdU-positive cells per NSC clone,EdU+ cells per clone,6,ND42 x CG43693,Complex I,transporter,TRUE,session_14,b57
Fig_4D,EdU-positive cells per NSC clone,EdU+ cells per clone,11,ND42 x CG43693,Complex I,transporter,TRUE,session_14,b57
Fig_4D,EdU-positive cells per NSC clone,EdU+ cells per clone,7,ND42 x CG43693,Complex I,transporter,TRUE,session_14,b57
Fig_4D,EdU-positive cells per NSC clone,EdU+ cells per clone,10,ND42 x sbm,Complex I,transporter,TRUE,undated,b58
Fig_4D,EdU-positive cells per NSC clone,EdU+ cells per clone,7,ND42 x sbm,Complex I,transporter,TRUE,undated,b58
Fig_4D,EdU-positive cells per NSC clone,EdU+ cells per clone,4,ND42 x sbm,Complex I,transporter,TRUE,undated,b58
Fig_4D,EdU-positive cells per NSC clone,EdU+ cells per clone,9,ND42 x sbm,Complex I,transporter,TRUE,undated,b58
Fig_4D,EdU-positive cells per NSC clone,EdU+ cells per clone,7,ND42 x sbm,Complex I,transporter,TRUE,undated,b58
Fig_4D,EdU-positive cells per NSC clone,EdU+ cells per clone,7,ND42 x sbm,Complex I,transporter,TRUE,undated,b59
Fig_4D,EdU-positive cells per NSC clone,EdU+ cells per clone,7,ND42 x sbm,Complex I,transporter,TRUE,undated,b59
Fig_4D,EdU-positive cells per NSC clone,EdU+ cells per clone,5,ND42 x sbm,Complex I,transporter,TRUE,undated,b59
Fig_4D,EdU-positive cells per NSC clone,EdU+ cells per clone,8,ND42 x sbm,Complex I,transporter,TRUE,undated,b59
Fig_4D,EdU-positive cells per NSC clone,EdU+ cells per clone,6,ND42 x sbm,Complex I,transporter,TRUE,undated,b59
Fig_4D,EdU-positive cells per NSC clone,EdU+ cells per clone,10,ND42 x sbm,Complex I,transporter,TRUE,undated,b60
Fig_4D,EdU-positive cells per NSC clone,EdU+ cells per clone,6,ND42 x sbm,Complex I,transporter,TRUE,undated,b60
Fig_4D,EdU-positive cells per NSC clone,EdU+ cells per clone,7,ND42 x sbm,Complex I,transporter,TRUE,undated,b60
Fig_4D,EdU-positive cells per NSC clone,EdU+ cells per clone,5,ND42 x sbm,Complex I,transporter,TRUE,undated,b60
Fig_4D,EdU-positive cells per NSC clone,EdU+ cells per clone,7,ND42 x sbm,Complex I,transporter,TRUE,undated,b60
Fig_4D,EdU-positive cells per NSC clone,EdU+ cells per clone,12,ND42 x sbm,Complex I,transporter,TRUE,session_14,b61
Fig_4D,EdU-positive cells per NSC clone,EdU+ cells per clone,9,ND42 x sbm,Complex I,transporter,TRUE,session_14,b61
Fig_4D,EdU-positive cells per NSC clone,EdU+ cells per clone,5,ND42 x sbm,Complex I,transporter,TRUE,session_14,b61
Fig_4D,EdU-positive cells per NSC clone,EdU+ cells per clone,9,ND42 x sbm,Complex I,transporter,TRUE,session_14,b61
Fig_4D,EdU-positive cells per NSC clone,EdU+ cells per clone,13,ND42 x sbm,Complex I,transporter,TRUE,session_14,b61
Fig_4D,EdU-positive cells per NSC clone,EdU+ cells per clone,9,ND42 x sbm,Complex I,transporter,TRUE,session_14,b62
Fig_4D,EdU-positive cells per NSC clone,EdU+ cells per clone,7,ND42 x sbm,Complex I,transporter,TRUE,session_14,b62
Fig_4D,EdU-positive cells per NSC clone,EdU+ cells per clone,9,ND42 x sbm,Complex I,transporter,TRUE,session_14,b62
Fig_4D,EdU-positive cells per NSC clone,EdU+ cells per clone,8,ND42 x sbm,Complex I,transporter,TRUE,session_14,b62
Fig_4D,EdU-positive cells per NSC clone,EdU+ cells per clone,7,ND42 x sbm,Complex I,transporter,TRUE,session_14,b62
Fig_4D,EdU-positive cells per NSC clone,EdU+ cells per clone,13,ND42 x sbm,Complex I,transporter,TRUE,session_14,b62
Fig_4D,EdU-positive cells per NSC clone,EdU+ cells per clone,6,ND42 x sbm,Complex I,transporter,TRUE,session_14,b62
Fig_4D,EdU-positive cells per NSC clone,EdU+ cells per clone,5,ND42 x sbm,Complex I,transporter,TRUE,session_14,b63
Fig_4D,EdU-positive cells per NSC clone,EdU+ cells per clone,8,ND42 x sbm,Complex I,transporter,TRUE,session_14,b63
Fig_4D,EdU-positive cells per NSC clone,EdU+ cells per clone,8,ND42 x sbm,Complex I,transporter,TRUE,session_14,b63
Fig_4D,EdU-positive cells per NSC clone,EdU+ cells per clone,4,ND42 x sbm,Complex I,transporter,TRUE,session_14,b63
Fig_4D,EdU-positive cells per NSC clone,EdU+ cells per clone,9,ND42 x sbm,Complex I,transporter,TRUE,session_14,b63
Fig_4D,EdU-positive cells per NSC clone,EdU+ cells per clone,9,ND42 x sbm,Complex I,transporter,TRUE,session_14,b64
Fig_4D,EdU-positive cells per NSC clone,EdU+ cells per clone,11,ND42 x sbm,Complex I,transporter,TRUE,session_14,b64
Fig_4D,EdU-positive cells per NSC clone,EdU+ cells per clone,8,ND42 x sbm,Complex I,transporter,TRUE,session_14,b64
Fig_4D,EdU-positive cells per NSC clone,EdU+ cells per clone,6,ND42 x sbm,Complex I,transporter,TRUE,session_14,b64
Fig_4D,EdU-positive cells per NSC clone,EdU+ cells per clone,7,ND42 x sbm,Complex I,transporter,TRUE,session_14,b64
Fig_4D,EdU-positive cells per NSC clone,EdU+ cells per clone,9,ND42 x sbm,Complex I,transporter,TRUE,session_14,b64
Fig_4D,EdU-positive cells per NSC clone,EdU+ cells per clone,9,ND42 x sbm,Complex I,transporter,TRUE,session_14,b64
Fig_4D,EdU-positive cells per NSC clone,EdU+ cells per clone,7,ND42 x sbm,Complex I,transporter,TRUE,session_14,b65
Fig_4D,EdU-positive cells per NSC clone,EdU+ cells per clone,7,ND42 x sbm,Complex I,transporter,TRUE,session_14,b65
Fig_4D,EdU-positive cells per NSC clone,EdU+ cells per clone,8,ND42 x sbm,Complex I,transporter,TRUE,session_14,b65
Fig_4D,EdU-positive cells per NSC clone,EdU+ cells per clone,9,ND42 x sbm,Complex I,transporter,TRUE,session_14,b65
Fig_4D,EdU-positive cells per NSC clone,EdU+ cells per clone,6,ND42 x aralar1,Complex I,transporter,TRUE,undated,b66
Fig_4D,EdU-positive cells per NSC clone,EdU+ cells per clone,8,ND42 x aralar1,Complex I,transporter,TRUE,undated,b66
Fig_4D,EdU-positive cells per NSC clone,EdU+ cells per clone,5,ND42 x aralar1,Complex I,transporter,TRUE,undated,b66
Fig_4D,EdU-positive cells per NSC clone,EdU+ cells per clone,4,ND42 x aralar1,Complex I,transporter,TRUE,undated,b66
Fig_4D,EdU-positive cells per NSC clone,EdU+ cells per clone,8,ND42 x aralar1,Complex I,transporter,TRUE,undated,b67
Fig_4D,EdU-positive cells per NSC clone,EdU+ cells per clone,6,ND42 x aralar1,Complex I,transporter,TRUE,undated,b67
Fig_4D,EdU-positive cells per NSC clone,EdU+ cells per clone,8,ND42 x aralar1,Complex I,transporter,TRUE,undated,b67
Fig_4D,EdU-positive cells per NSC clone,EdU+ cells per clone,12,ND42 x aralar1,Complex I,transporter,TRUE,undated,b67
Fig_4D,EdU-positive cells per NSC clone,EdU+ cells per clone,5,ND42 x aralar1,Complex I,transporter,TRUE,undated,b67
Fig_4D,EdU-positive cells per NSC clone,EdU+ cells per clone,5,ND42 x aralar1,Complex I,transporter,TRUE,undated,b67
Fig_4D,EdU-positive cells per NSC clone,EdU+ cells per clone,11,ND42 x aralar1,Complex I,transporter,TRUE,session_14,b68
Fig_4D,EdU-positive cells per NSC clone,EdU+ cells per clone,11,ND42 x aralar1,Complex I,transporter,TRUE,session_14,b69
Fig_4D,EdU-positive cells per NSC clone,EdU+ cells per clone,12,ND42 x aralar1,Complex I,transporter,TRUE,session_14,b69
Fig_4D,EdU-positive cells per NSC clone,EdU+ cells per clone,9,ND42 x aralar1,Complex I,transporter,TRUE,session_14,b69
Fig_4D,EdU-positive cells per NSC clone,EdU+ cells per clone,13,ND42 x aralar1,Complex I,transporter,TRUE,session_14,b69
Fig_4D,EdU-positive cells per NSC clone,EdU+ cells per clone,11,ND42 x aralar1,Complex I,transporter,TRUE,session_14,b69
Fig_4D,EdU-positive cells per NSC clone,EdU+ cells per clone,6,ND42 x aralar1,Complex I,transporter,TRUE,session_14,b70
Fig_4D,EdU-positive cells per NSC clone,EdU+ cells per clone,8,ND42 x aralar1,Complex I,transporter,TRUE,session_14,b70
Fig_4D,EdU-positive cells per NSC clone,EdU+ cells per clone,5,ND42 x aralar1,Complex I,transporter,TRUE,session_14,b70
Fig_4D,EdU-positive cells per NSC clone,EdU+ cells per clone,7,ND42 x aralar1,Complex I,transporter,TRUE,session_14,b70
Fig_4D,EdU-positive cells per NSC clone,EdU+ cells per clone,8,ND42 x aralar1,Complex I,transporter,TRUE,session_14,b70
Fig_4D,EdU-positive cells per NSC clone,EdU+ cells per clone,7,ND42 x aralar1,Complex I,transporter,TRUE,session_14,b70
Fig_4D,EdU-positive cells per NSC clone,EdU+ cells per clone,7,ND42 x aralar1,Complex I,transporter,TRUE,session_14,b71
Fig_4D,EdU-positive cells per NSC clone,EdU+ cells per clone,6,ND42 x aralar1,Complex I,transporter,TRUE,session_14,b71
Fig_4D,EdU-positive cells per NSC clone,EdU+ cells per clone,4,ND42 x aralar1,Complex I,transporter,TRUE,session_14,b71
Fig_4D,EdU-positive cells per NSC clone,EdU+ cells per clone,6,ND42 x aralar1,Complex I,transporter,TRUE,session_14,b71
Fig_4D,EdU-positive cells per NSC clone,EdU+ cells per clone,11,ND42 x aralar1,Complex I,transporter,TRUE,session_14,b72
Fig_4D,EdU-positive cells per NSC clone,EdU+ cells per clone,11,ND42 x aralar1,Complex I,transporter,TRUE,session_14,b72
Fig_4D,EdU-positive cells per NSC clone,EdU+ cells per clone,7,ND42 x aralar1,Complex I,transporter,TRUE,session_14,b72
Fig_4D,EdU-positive cells per NSC clone,EdU+ cells per clone,8,ND42 x aralar1,Complex I,transporter,TRUE,session_14,b72
Fig_4D,EdU-positive cells per NSC clone,EdU+ cells per clone,11,ND42 x aralar1,Complex I,transporter,TRUE,session_14,b72
Fig_4D,EdU-positive cells per NSC clone,EdU+ cells per clone,9,ND42 x aralar1,Complex I,transporter,TRUE,session_14,b72
Fig_4D,EdU-positive cells per NSC clone,EdU+ cells per clone,6,ND42 x aralar1,Complex I,transporter,TRUE,session_14,b72
Fig_4D,EdU-positive cells per NSC clone,EdU+ cells per clone,7,ND42 x aralar1,Complex I,transporter,TRUE,session_14,b72
Fig_4D,EdU-positive cells per NSC clone,EdU+ cells per clone,11,ND42 x aralar1,Complex I,transporter,TRUE,session_14,b73
Fig_4D,EdU-positive cells per NSC clone,EdU+ cells per clone,11,ND42 x aralar1,Complex I,transporter,TRUE,session_14,b73
Fig_4D,EdU-positive cells per NSC clone,EdU+ cells per clone,9,ND42 x aralar1,Complex I,transporter,TRUE,session_14,b73
Fig_4D,EdU-positive cells per NSC clone,EdU+ cells per clone,8,ND42 x aralar1,Complex I,transporter,TRUE,session_14,b73
Fig_4D,EdU-positive cells per NSC clone,EdU+ cells per clone,8,ND42 x aralar1,Complex I,transporter,TRUE,session_14,b74
Fig_4D,EdU-positive cells per NSC clone,EdU+ cells per clone,9,ND42 x aralar1,Complex I,transporter,TRUE,session_14,b74
Fig_4D,EdU-positive cells per NSC clone,EdU+ cells per clone,6,ND42 x aralar1,Complex I,transporter,TRUE,session_10,b75
Fig_4D,EdU-positive cells per NSC clone,EdU+ cells per clone,7,ND42 x aralar1,Complex I,transporter,TRUE,session_10,b75
Fig_4D,EdU-positive cells per NSC clone,EdU+ cells per clone,6,ND42 x aralar1,Complex I,transporter,TRUE,session_10,b75
Fig_4D,EdU-positive cells per NSC clone,EdU+ cells per clone,6,ND42 x aralar1,Complex I,transporter,TRUE,session_10,b76
Fig_4D,EdU-positive cells per NSC clone,EdU+ cells per clone,6,ND42 x aralar1,Complex I,transporter,TRUE,session_10,b76
Fig_4D,EdU-positive cells per NSC clone,EdU+ cells per clone,5,ND42 x aralar1,Complex I,transporter,TRUE,session_10,b76
Fig_4D,EdU-positive cells per NSC clone,EdU+ cells per clone,13,ND42 x GC1 (#65937),Complex I,transporter,TRUE,undated,b77
Fig_4D,EdU-positive cells per NSC clone,EdU+ cells per clone,14,ND42 x GC1 (#65937),Complex I,transporter,TRUE,undated,b77
Fig_4D,EdU-positive cells per NSC clone,EdU+ cells per clone,8,ND42 x GC1 (#65937),Complex I,transporter,TRUE,undated,b77
Fig_4D,EdU-positive cells per NSC clone,EdU+ cells per clone,12,ND42 x GC1 (#65937),Complex I,transporter,TRUE,undated,b77
Fig_4D,EdU-positive cells per NSC clone,EdU+ cells per clone,11,ND42 x GC1 (#65937),Complex I,transporter,TRUE,undated,b77
Fig_4D,EdU-positive cells per NSC clone,EdU+ cells per clone,7,ND42 x GC1 (#65937),Complex I,transporter,TRUE,session_15,b78
Fig_4D,EdU-positive cells per NSC clone,EdU+ cells per clone,6,ND42 x GC1 (#65937),Complex I,transporter,TRUE,session_15,b78
Fig_4D,EdU-positive cells per NSC clone,EdU+ cells per clone,6,ND42 x GC1 (#65937),Complex I,transporter,TRUE,session_15,b78
Fig_4D,EdU-positive cells per NSC clone,EdU+ cells per clone,4,ND42 x GC1 (#65937),Complex I,transporter,TRUE,session_15,b78
Fig_4D,EdU-positive cells per NSC clone,EdU+ cells per clone,6,ND42 x GC1 (#65937),Complex I,transporter,TRUE,session_15,b78
Fig_4D,EdU-positive cells per NSC clone,EdU+ cells per clone,8,ND42 x GC1 (#65937),Complex I,transporter,TRUE,session_15,b78
Fig_4D,EdU-positive cells per NSC clone,EdU+ cells per clone,6,ND42 x GC1 (#65937),Complex I,transporter,TRUE,session_15,b79
Fig_4D,EdU-positive cells per NSC clone,EdU+ cells per clone,7,ND42 x GC1 (#65937),Complex I,transporter,TRUE,session_15,b79
Fig_4D,EdU-positive cells per NSC clone,EdU+ cells per clone,7,ND42 x GC1 (#65937),Complex I,transporter,TRUE,session_15,b79
Fig_4D,EdU-positive cells per NSC clone,EdU+ cells per clone,8,ND42 x GC1 (#65937),Complex I,transporter,TRUE,session_15,b79
Fig_4D,EdU-positive cells per NSC clone,EdU+ cells per clone,5,ND42 x GC1 (#65937),Complex I,transporter,TRUE,session_15,b79
Fig_4D,EdU-positive cells per NSC clone,EdU+ cells per clone,7,ND42 x GC1 (#65937),Complex I,transporter,TRUE,session_15,b80
Fig_4D,EdU-positive cells per NSC clone,EdU+ cells per clone,7,ND42 x GC1 (#65937),Complex I,transporter,TRUE,session_15,b80
Fig_4D,EdU-positive cells per NSC clone,EdU+ cells per clone,8,ND42 x GC1 (#65937),Complex I,transporter,TRUE,session_15,b80
Fig_4D,EdU-positive cells per NSC clone,EdU+ cells per clone,7,ND42 X Indy,Complex I,transporter,TRUE,undated,b81
Fig_4D,EdU-positive cells per NSC clone,EdU+ cells per clone,9,ND42 X Indy,Complex I,transporter,TRUE,undated,b81
Fig_4D,EdU-positive cells per NSC clone,EdU+ cells per clone,5,ND42 X Indy,Complex I,transporter,TRUE,session_05,b82
Fig_4D,EdU-positive cells per NSC clone,EdU+ cells per clone,5,ND42 X Indy,Complex I,transporter,TRUE,session_05,b82
Fig_4D,EdU-positive cells per NSC clone,EdU+ cells per clone,5,ND42 X Indy,Complex I,transporter,TRUE,session_05,b82
Fig_4D,EdU-positive cells per NSC clone,EdU+ cells per clone,5,ND42 X Indy,Complex I,transporter,TRUE,session_05,b82
Fig_4D,EdU-positive cells per NSC clone,EdU+ cells per clone,6,ND42 X Indy,Complex I,transporter,TRUE,session_05,b82
Fig_4D,EdU-positive cells per NSC clone,EdU+ cells per clone,7,ND42 X Indy,Complex I,transporter,TRUE,session_05,b82
Fig_4D,EdU-positive cells per NSC clone,EdU+ cells per clone,5,ND42 X Indy,Complex I,transporter,TRUE,session_05,b83
Fig_4D,EdU-positive cells per NSC clone,EdU+ cells per clone,5,ND42 X Indy,Complex I,transporter,TRUE,session_05,b83
Fig_4D,EdU-positive cells per NSC clone,EdU+ cells per clone,3,ND42 X Indy,Complex I,transporter,TRUE,session_05,b84
Fig_4D,EdU-positive cells per NSC clone,EdU+ cells per clone,4,ND42 X Indy,Complex I,transporter,TRUE,session_05,b84
Fig_4D,EdU-positive cells per NSC clone,EdU+ cells per clone,10,ND42 X CG12773,Complex I,transporter,TRUE,undated,b85
Fig_4D,EdU-positive cells per NSC clone,EdU+ cells per clone,8,ND42 X CG12773,Complex I,transporter,TRUE,undated,b85
Fig_4D,EdU-positive cells per NSC clone,EdU+ cells per clone,8,ND42 X CG12773,Complex I,transporter,TRUE,undated,b85
Fig_4D,EdU-positive cells per NSC clone,EdU+ cells per clone,7,ND42 X CG12773,Complex I,transporter,TRUE,undated,b86
Fig_4D,EdU-positive cells per NSC clone,EdU+ cells per clone,8,ND42 X CG12773,Complex I,transporter,TRUE,undated,b86
Fig_4D,EdU-positive cells per NSC clone,EdU+ cells per clone,4,ND42 X CG12773,Complex I,transporter,TRUE,undated,b86
Fig_4D,EdU-positive cells per NSC clone,EdU+ cells per clone,6,ND42 X CG12773,Complex I,transporter,TRUE,undated,b86
Fig_4D,EdU-positive cells per NSC clone,EdU+ cells per clone,6,ND42 X CG12773,Complex I,transporter,TRUE,undated,b86
Fig_4D,EdU-positive cells per NSC clone,EdU+ cells per clone,8,ND42 X CG12773,Complex I,transporter,TRUE,undated,b87
Fig_4D,EdU-positive cells per NSC clone,EdU+ cells per clone,5,ND42 X CG12773,Complex I,transporter,TRUE,undated,b87
Fig_4D,EdU-positive cells per NSC clone,EdU+ cells per clone,3,ND42 X CG12773,Complex I,transporter,TRUE,undated,b87
Fig_4D,EdU-positive cells per NSC clone,EdU+ cells per clone,7,ND42 X CG12773,Complex I,transporter,TRUE,undated,b87
Fig_4D,EdU-positive cells per NSC clone,EdU+ cells per clone,8,ND42 X CG12773,Complex I,transporter,TRUE,undated,b87
Fig_4D,EdU-positive cells per NSC clone,EdU+ cells per clone,9,ND42 X CG12773,Complex I,transporter,TRUE,undated,b87
Fig_4D,EdU-positive cells per NSC clone,EdU+ cells per clone,7,ND42 X CG12773,Complex I,transporter,TRUE,undated,b87
Fig_4D,EdU-positive cells per NSC clone,EdU+ cells per clone,12,ND42 X CG12773,Complex I,transporter,TRUE,undated,b88
Fig_4D,EdU-positive cells per NSC clone,EdU+ cells per clone,11,ND42 X CG12773,Complex I,transporter,TRUE,undated,b88
Fig_4D,EdU-positive cells per NSC clone,EdU+ cells per clone,5,ND42 X CG12773,Complex I,transporter,TRUE,undated,b88
Fig_4D,EdU-positive cells per NSC clone,EdU+ cells per clone,10,ND42 X CG12773,Complex I,transporter,TRUE,undated,b88
Fig_4D,EdU-positive cells per NSC clone,EdU+ cells per clone,9,ND42 X CG12773,Complex I,transporter,TRUE,undated,b88
Fig_4D,EdU-positive cells per NSC clone,EdU+ cells per clone,10,ND42 X dmGlut,Complex I,transporter,TRUE,undated,b89
Fig_4D,EdU-positive cells per NSC clone,EdU+ cells per clone,5,ND42 X dmGlut,Complex I,transporter,TRUE,undated,b89
Fig_4D,EdU-positive cells per NSC clone,EdU+ cells per clone,8,ND42 X dmGlut,Complex I,transporter,TRUE,undated,b89
Fig_4D,EdU-positive cells per NSC clone,EdU+ cells per clone,11,ND42 X dmGlut,Complex I,transporter,TRUE,undated,b89
Fig_4D,EdU-positive cells per NSC clone,EdU+ cells per clone,7,ND42 X dmGlut,Complex I,transporter,TRUE,undated,b89
Fig_4D,EdU-positive cells per NSC clone,EdU+ cells per clone,6,ND42 X dmGlut,Complex I,transporter,TRUE,undated,b89
Fig_4D,EdU-positive cells per NSC clone,EdU+ cells per clone,3,ND42 X dmGlut,Complex I,transporter,TRUE,undated,b89
Fig_4D,EdU-positive cells per NSC clone,EdU+ cells per clone,8,ND42 X dmGlut,Complex I,transporter,TRUE,undated,b89
Fig_4D,EdU-positive cells per NSC clone,EdU+ cells per clone,11,ND42 X dmGlut,Complex I,transporter,TRUE,undated,b90
Fig_4D,EdU-positive cells per NSC clone,EdU+ cells per clone,5,ND42 X dmGlut,Complex I,transporter,TRUE,undated,b90
Fig_4D,EdU-positive cells per NSC clone,EdU+ cells per clone,9,ND42 X dmGlut,Complex I,transporter,TRUE,undated,b90
Fig_4D,EdU-positive cells per NSC clone,EdU+ cells per clone,8,ND42 X dmGlut,Complex I,transporter,TRUE,undated,b90
Fig_4D,EdU-positive cells per NSC clone,EdU+ cells per clone,9,ND42 X dmGlut,Complex I,transporter,TRUE,undated,b90
Fig_4D,EdU-positive cells per NSC clone,EdU+ cells per clone,7,ND42 X dmGlut,Complex I,transporter,TRUE,undated,b90
Fig_4D,EdU-positive cells per NSC clone,EdU+ cells per clone,5,ND42 X dmGlut,Complex I,transporter,TRUE,undated,b90
Fig_4D,EdU-positive cells per NSC clone,EdU+ cells per clone,9,ND42 X dmGlut,Complex I,transporter,TRUE,undated,b91
Fig_4D,EdU-positive cells per NSC clone,EdU+ cells per clone,9,ND42 X dmGlut,Complex I,transporter,TRUE,undated,b91
Fig_4D,EdU-positive cells per NSC clone,EdU+ cells per clone,7,ND42 X dmGlut,Complex I,transporter,TRUE,undated,b91
Fig_4D,EdU-positive cells per NSC clone,EdU+ cells per clone,5,ND42 X dmGlut,Complex I,transporter,TRUE,undated,b91
Fig_4D,EdU-positive cells per NSC clone,EdU+ cells per clone,7,ND42 X dmGlut,Complex I,transporter,TRUE,undated,b91
Fig_4D,EdU-positive cells per NSC clone,EdU+ cells per clone,6,ND42 X dmGlut,Complex I,transporter,TRUE,undated,b91
Fig_4D,EdU-positive cells per NSC clone,EdU+ cells per clone,10,ND42 X dmGlut,Complex I,transporter,TRUE,undated,b92
Fig_4D,EdU-positive cells per NSC clone,EdU+ cells per clone,6,ND42 X dmGlut,Complex I,transporter,TRUE,undated,b92
Fig_4D,EdU-positive cells per NSC clone,EdU+ cells per clone,10,ND42 X dmGlut,Complex I,transporter,TRUE,undated,b92
Fig_4D,EdU-positive cells per NSC clone,EdU+ cells per clone,12,ND42 X dmGlut,Complex I,transporter,TRUE,undated,b92
Fig_4D,EdU-positive cells per NSC clone,EdU+ cells per clone,7,ND42 X dmGlut,Complex I,transporter,TRUE,undated,b92
Fig_4D,EdU-positive cells per NSC clone,EdU+ cells per clone,3,ND42 X dmGlut,Complex I,transporter,TRUE,undated,b92
Fig_4D,EdU-positive cells per NSC clone,EdU+ cells per clone,6,ND42 X dmGlut,Complex I,transporter,TRUE,undated,b92
Fig_4D,EdU-positive cells per NSC clone,EdU+ cells per clone,14,ND42 X dmGlut,Complex I,transporter,TRUE,undated,b92
Fig_4D,EdU-positive cells per NSC clone,EdU+ cells per clone,6,ND42 X dmGlut,Complex I,transporter,TRUE,undated,b93
Fig_4D,EdU-positive cells per NSC clone,EdU+ cells per clone,8,ND42 X dmGlut,Complex I,transporter,TRUE,undated,b93
Fig_4D,EdU-positive cells per NSC clone,EdU+ cells per clone,7,ND42 X dmGlut,Complex I,transporter,TRUE,undated,b93
Fig_4D,EdU-positive cells per NSC clone,EdU+ cells per clone,8,ND42 X dmGlut,Complex I,transporter,TRUE,undated,b93
Fig_4D,EdU-positive cells per NSC clone,EdU+ cells per clone,9,ND42 X dmGlut,Complex I,transporter,TRUE,undated,b93
Fig_4D,EdU-positive cells per NSC clone,EdU+ cells per clone,7,ND42 X dmGlut,Complex I,transporter,TRUE,undated,b93
Fig_4D,EdU-positive cells per NSC clone,EdU+ cells per clone,6,ND42 X dmGlut,Complex I,transporter,TRUE,undated,b93
Fig_4D,EdU-positive cells per NSC clone,EdU+ cells per clone,8,ND42 X dmGlut,Complex I,transporter,TRUE,undated,b93
Fig_4D,EdU-positive cells per NSC clone,EdU+ cells per clone,6,ND42 X dmGlut,Complex I,transporter,TRUE,undated,b94
Fig_4D,EdU-positive cells per NSC clone,EdU+ cells per clone,6,ND42 X dmGlut,Complex I,transporter,TRUE,undated,b94
Fig_4D,EdU-positive cells per NSC clone,EdU+ cells per clone,9,ND42 X dmGlut,Complex I,transporter,TRUE,undated,b94
Fig_4D,EdU-positive cells per NSC clone,EdU+ cells per clone,6,ND42 X dmGlut,Complex I,transporter,TRUE,undated,b94
Fig_4D,EdU-positive cells per NSC clone,EdU+ cells per clone,8,ND42 X dmGlut,Complex I,transporter,TRUE,undated,b94
Fig_4D,EdU-positive cells per NSC clone,EdU+ cells per clone,6,ND42 X dmGlut,Complex I,transporter,TRUE,undated,b95
Fig_4D,EdU-positive cells per NSC clone,EdU+ cells per clone,8,ND42 X dmGlut,Complex I,transporter,TRUE,undated,b95
Fig_4D,EdU-positive cells per NSC clone,EdU+ cells per clone,6,ND42 X dmGlut,Complex I,transporter,TRUE,undated,b95
Fig_4D,EdU-positive cells per NSC clone,EdU+ cells per clone,6,ND42 X dmGlut,Complex I,transporter,TRUE,undated,b95
Fig_4D,EdU-positive cells per NSC clone,EdU+ cells per clone,7,ND42 X dmGlut,Complex I,transporter,TRUE,undated,b95
Fig_4D,EdU-positive cells per NSC clone,EdU+ cells per clone,7,ND42 X dmGlut,Complex I,transporter,TRUE,undated,b95
Fig_4D,EdU-positive cells per NSC clone,EdU+ cells per clone,5,ND42 X dmGlut,Complex I,transporter,TRUE,undated,b95
Fig_4D,EdU-positive cells per NSC clone,EdU+ cells per clone,6,ND42 X dmGlut,Complex I,transporter,TRUE,undated,b95
Fig_4D,EdU-positive cells per NSC clone,EdU+ cells per clone,8,ND42 X Sln,Complex I,transporter,TRUE,undated,b96
Fig_4D,EdU-positive cells per NSC clone,EdU+ cells per clone,5,ND42 X Sln,Complex I,transporter,TRUE,undated,b96
Fig_4D,EdU-positive cells per NSC clone,EdU+ cells per clone,7,ND42 X Sln,Complex I,transporter,TRUE,undated,b96
Fig_4D,EdU-positive cells per NSC clone,EdU+ cells per clone,6,ND42 X Sln,Complex I,transporter,TRUE,undated,b96
Fig_4D,EdU-positive cells per NSC clone,EdU+ cells per clone,8,ND42 X Sln,Complex I,transporter,TRUE,undated,b96
Fig_4D,EdU-positive cells per NSC clone,EdU+ cells per clone,10,ND42 X Sln,Complex I,transporter,TRUE,undated,b97
Fig_4D,EdU-positive cells per NSC clone,EdU+ cells per clone,6,ND42 X Sln,Complex I,transporter,TRUE,undated,b97
Fig_4D,EdU-positive cells per NSC clone,EdU+ cells per clone,4,ND42 X Sln,Complex I,transporter,TRUE,undated,b97
Fig_4D,EdU-positive cells per NSC clone,EdU+ cells per clone,7,ND42 X Sln,Complex I,transporter,TRUE,undated,b97
Fig_4D,EdU-positive cells per NSC clone,EdU+ cells per clone,3,ND42 X Sln,Complex I,transporter,TRUE,undated,b97
Fig_4D,EdU-positive cells per NSC clone,EdU+ cells per clone,6,ND42 X Sln,Complex I,transporter,TRUE,session_05,b98
Fig_4D,EdU-positive cells per NSC clone,EdU+ cells per clone,5,ND42 X Sln,Complex I,transporter,TRUE,session_05,b98
Fig_4D,EdU-positive cells per NSC clone,EdU+ cells per clone,6,ND42 X Sln,Complex I,transporter,TRUE,session_05,b98
Fig_4D,EdU-positive cells per NSC clone,EdU+ cells per clone,8,ND42 X Sln,Complex I,transporter,TRUE,session_05,b98
Fig_4D,EdU-positive cells per NSC clone,EdU+ cells per clone,6,ND42 X Sln,Complex I,transporter,TRUE,session_05,b98
Fig_4D,EdU-positive cells per NSC clone,EdU+ cells per clone,8,ND42 X Sln,Complex I,transporter,TRUE,session_05,b99
Fig_4D,EdU-positive cells per NSC clone,EdU+ cells per clone,8,ND42 X Sln,Complex I,transporter,TRUE,session_05,b99
Fig_4D,EdU-positive cells per NSC clone,EdU+ cells per clone,7,ND42 X Sln,Complex I,transporter,TRUE,session_05,b99
Fig_4D,EdU-positive cells per NSC clone,EdU+ cells per clone,8,ND42 X Sln,Complex I,transporter,TRUE,session_05,b99
Fig_4D,EdU-positive cells per NSC clone,EdU+ cells per clone,7,ND42 X Sln,Complex I,transporter,TRUE,session_05,b99
Fig_4D,EdU-positive cells per NSC clone,EdU+ cells per clone,9,ND42 X Sln,Complex I,transporter,TRUE,session_05,b100
Fig_4D,EdU-positive cells per NSC clone,EdU+ cells per clone,6,ND42 X Sln,Complex I,transporter,TRUE,session_05,b100
Fig_4D,EdU-positive cells per NSC clone,EdU+ cells per clone,6,ND42 X Sln,Complex I,transporter,TRUE,session_05,b100
Fig_4D,EdU-positive cells per NSC clone,EdU+ cells per clone,6,ND42 X Sln,Complex I,transporter,TRUE,session_05,b100
Fig_4D,EdU-positive cells per NSC clone,EdU+ cells per clone,7,ND42 X Sln,Complex I,transporter,TRUE,session_05,b100
Fig_4D,EdU-positive cells per NSC clone,EdU+ cells per clone,7,ND42 X Sln,Complex I,transporter,TRUE,session_05,b100
Fig_4D,EdU-positive cells per NSC clone,EdU+ cells per clone,5,ND42 X Sln,Complex I,transporter,TRUE,session_05,b100
Fig_4D,EdU-positive cells per NSC clone,EdU+ cells per clone,6,ND42 X CG8468,Complex I,transporter,TRUE,undated,b101
Fig_4D,EdU-positive cells per NSC clone,EdU+ cells per clone,7,ND42 X CG8468,Complex I,transporter,TRUE,undated,b101
Fig_4D,EdU-positive cells per NSC clone,EdU+ cells per clone,6,ND42 X CG8468,Complex I,transporter,TRUE,undated,b101
Fig_4D,EdU-positive cells per NSC clone,EdU+ cells per clone,8,ND42 X CG8468,Complex I,transporter,TRUE,undated,b101
Fig_4D,EdU-positive cells per NSC clone,EdU+ cells per clone,4,ND42 X CG8468,Complex I,transporter,TRUE,undated,b101
Fig_4D,EdU-positive cells per NSC clone,EdU+ cells per clone,6,ND42 X CG8468,Complex I,transporter,TRUE,undated,b102
Fig_4D,EdU-positive cells per NSC clone,EdU+ cells per clone,6,ND42 X CG8468,Complex I,transporter,TRUE,undated,b102
Fig_4D,EdU-positive cells per NSC clone,EdU+ cells per clone,4,ND42 X CG8468,Complex I,transporter,TRUE,session_05,b103
Fig_4D,EdU-positive cells per NSC clone,EdU+ cells per clone,5,ND42 X CG8468,Complex I,transporter,TRUE,session_05,b103
Fig_4D,EdU-positive cells per NSC clone,EdU+ cells per clone,4,ND42 X CG8468,Complex I,transporter,TRUE,session_05,b103
Fig_4D,EdU-positive cells per NSC clone,EdU+ cells per clone,5,ND42 X CG8468,Complex I,transporter,TRUE,session_05,b103
Fig_4D,EdU-positive cells per NSC clone,EdU+ cells per clone,9,ND42 X CG8468,Complex I,transporter,TRUE,session_05,b104
Fig_4D,EdU-positive cells per NSC clone,EdU+ cells per clone,8,ND42 X CG8468,Complex I,transporter,TRUE,session_05,b104
Fig_4D,EdU-positive cells per NSC clone,EdU+ cells per clone,8,ND42 X CG8468,Complex I,transporter,TRUE,session_05,b104
Fig_4D,EdU-positive cells per NSC clone,EdU+ cells per clone,8,ND42 X CG8468,Complex I,transporter,TRUE,session_05,b104
Fig_4D,EdU-positive cells per NSC clone,EdU+ cells per clone,5,ND42 X CG8468,Complex I,transporter,TRUE,session_05,b104
Fig_4D,EdU-positive cells per NSC clone,EdU+ cells per clone,8,ND42 X CG8468,Complex I,transporter,TRUE,session_05,b104
Fig_4D,EdU-positive cells per NSC clone,EdU+ cells per clone,9,ND42 X CG8468,Complex I,transporter,TRUE,session_05,b104
Fig_4D,EdU-positive cells per NSC clone,EdU+ cells per clone,5,ND42 X CG8468,Complex I,transporter,TRUE,session_05,b104
Fig_4D,EdU-positive cells per NSC clone,EdU+ cells per clone,6,ND42 X CG10019,Complex I,transporter,TRUE,undated,b105
Fig_4D,EdU-positive cells per NSC clone,EdU+ cells per clone,6,ND42 X CG10019,Complex I,transporter,TRUE,undated,b105
Fig_4D,EdU-positive cells per NSC clone,EdU+ cells per clone,8,ND42 X CG10019,Complex I,transporter,TRUE,undated,b105
Fig_4D,EdU-positive cells per NSC clone,EdU+ cells per clone,6,ND42 X CG10019,Complex I,transporter,TRUE,undated,b105
Fig_4D,EdU-positive cells per NSC clone,EdU+ cells per clone,7,ND42 X CG10019,Complex I,transporter,TRUE,undated,b105
Fig_4D,EdU-positive cells per NSC clone,EdU+ cells per clone,9,ND42 X CG10019,Complex I,transporter,TRUE,undated,b105
Fig_4D,EdU-positive cells per NSC clone,EdU+ cells per clone,6,ND42 X CG10019,Complex I,transporter,TRUE,undated,b105
Fig_4D,EdU-positive cells per NSC clone,EdU+ cells per clone,5,ND42 X CG10019,Complex I,transporter,TRUE,undated,b105
Fig_4D,EdU-positive cells per NSC clone,EdU+ cells per clone,8,ND42 X CG10019,Complex I,transporter,TRUE,undated,b106
Fig_4D,EdU-positive cells per NSC clone,EdU+ cells per clone,9,ND42 X CG10019,Complex I,transporter,TRUE,undated,b106
Fig_4D,EdU-positive cells per NSC clone,EdU+ cells per clone,5,ND42 X CG10019,Complex I,transporter,TRUE,undated,b106
Fig_4D,EdU-positive cells per NSC clone,EdU+ cells per clone,6,ND42 X CG10019,Complex I,transporter,TRUE,undated,b106
Fig_4D,EdU-positive cells per NSC clone,EdU+ cells per clone,6,ND42 X CG10019,Complex I,transporter,TRUE,undated,b106
Fig_4D,EdU-positive cells per NSC clone,EdU+ cells per clone,6,ND42 X CG10019,Complex I,transporter,TRUE,undated,b107
Fig_4D,EdU-positive cells per NSC clone,EdU+ cells per clone,9,ND42 X CG10019,Complex I,transporter,TRUE,undated,b107
Fig_4D,EdU-positive cells per NSC clone,EdU+ cells per clone,6,ND42 X CG10019,Complex I,transporter,TRUE,undated,b107
Fig_4D,EdU-positive cells per NSC clone,EdU+ cells per clone,5,ND42 X fatp (55911),Complex I,transporter,TRUE,undated,b108
Fig_4D,EdU-positive cells per NSC clone,EdU+ cells per clone,10,ND42 X fatp (55911),Complex I,transporter,TRUE,undated,b108
Fig_4D,EdU-positive cells per NSC clone,EdU+ cells per clone,4,ND42 X fatp (55911),Complex I,transporter,TRUE,undated,b108
Fig_4D,EdU-positive cells per NSC clone,EdU+ cells per clone,7,ND42 X fatp (55911),Complex I,transporter,TRUE,undated,b108
Fig_4D,EdU-positive cells per NSC clone,EdU+ cells per clone,5,ND42 X fatp (55911),Complex I,transporter,TRUE,undated,b108
Fig_4D,EdU-positive cells per NSC clone,EdU+ cells per clone,7,ND42 X fatp (55911),Complex I,transporter,TRUE,undated,b109
Fig_4D,EdU-positive cells per NSC clone,EdU+ cells per clone,7,ND42 X fatp (55911),Complex I,transporter,TRUE,undated,b109
Fig_4D,EdU-positive cells per NSC clone,EdU+ cells per clone,6,ND42 X fatp (55911),Complex I,transporter,TRUE,undated,b109
Fig_4D,EdU-positive cells per NSC clone,EdU+ cells per clone,14,ND42 X fatp (55911),Complex I,transporter,TRUE,undated,b110
Fig_4D,EdU-positive cells per NSC clone,EdU+ cells per clone,9,ND42 X CG13384,Complex I,transporter,TRUE,undated,b111
Fig_4D,EdU-positive cells per NSC clone,EdU+ cells per clone,7,ND42 X CG13384,Complex I,transporter,TRUE,undated,b111
Fig_4D,EdU-positive cells per NSC clone,EdU+ cells per clone,9,ND42 X CG13384,Complex I,transporter,TRUE,undated,b111
Fig_4D,EdU-positive cells per NSC clone,EdU+ cells per clone,7,ND42 X CG13384,Complex I,transporter,TRUE,undated,b111
Fig_4D,EdU-positive cells per NSC clone,EdU+ cells per clone,5,ND42 X CG13384,Complex I,transporter,TRUE,undated,b112
Fig_4D,EdU-positive cells per NSC clone,EdU+ cells per clone,6,ND42 X CG13384,Complex I,transporter,TRUE,undated,b112
Fig_4D,EdU-positive cells per NSC clone,EdU+ cells per clone,6,ND42 X CG13384,Complex I,transporter,TRUE,undated,b112
Fig_4D,EdU-positive cells per NSC clone,EdU+ cells per clone,6,ND42 X CG13384,Complex I,transporter,TRUE,undated,b112
Fig_4D,EdU-positive cells per NSC clone,EdU+ cells per clone,5,ND42 X CG13384,Complex I,transporter,TRUE,undated,b112
Fig_4D,EdU-positive cells per NSC clone,EdU+ cells per clone,8,ND42 X CG13384,Complex I,transporter,TRUE,undated,b112
Fig_4D,EdU-positive cells per NSC clone,EdU+ cells per clone,6,ND42 X CG13384,Complex I,transporter,TRUE,undated,b112
Fig_4D,EdU-positive cells per NSC clone,EdU+ cells per clone,6,ND42 X CG13384,Complex I,transporter,TRUE,session_16,b113
Fig_4D,EdU-positive cells per NSC clone,EdU+ cells per clone,7,ND42 X CG13384,Complex I,transporter,TRUE,session_16,b113
Fig_4D,EdU-positive cells per NSC clone,EdU+ cells per clone,4,ND42 X CG13384,Complex I,transporter,TRUE,session_16,b113
Fig_4D,EdU-positive cells per NSC clone,EdU+ cells per clone,5,ND42 X CG13384,Complex I,transporter,TRUE,session_16,b113
Fig_4D,EdU-positive cells per NSC clone,EdU+ cells per clone,5,ND42 X CG13384,Complex I,transporter,TRUE,session_16,b113
Fig_4D,EdU-positive cells per NSC clone,EdU+ cells per clone,4,ND42 X CG13384,Complex I,transporter,TRUE,session_16,b113
Fig_4D,EdU-positive cells per NSC clone,EdU+ cells per clone,6,ND42 X CG13384,Complex I,transporter,TRUE,session_16,b113
Fig_4D,EdU-positive cells per NSC clone,EdU+ cells per clone,8,ND42 X CG13384,Complex I,transporter,TRUE,session_16,b114
Fig_4D,EdU-positive cells per NSC clone,EdU+ cells per clone,7,ND42 X CG13384,Complex I,transporter,TRUE,session_16,b114
Fig_4D,EdU-positive cells per NSC clone,EdU+ cells per clone,5,ND42 X prestin,Complex I,transporter,TRUE,undated,b115
Fig_4D,EdU-positive cells per NSC clone,EdU+ cells per clone,8,ND42 X prestin,Complex I,transporter,TRUE,undated,b115
Fig_4D,EdU-positive cells per NSC clone,EdU+ cells per clone,10,ND42 X prestin,Complex I,transporter,TRUE,undated,b115
Fig_4D,EdU-positive cells per NSC clone,EdU+ cells per clone,7,ND42 X prestin,Complex I,transporter,TRUE,undated,b115
Fig_4D,EdU-positive cells per NSC clone,EdU+ cells per clone,3,ND42 X prestin,Complex I,transporter,TRUE,undated,b115
Fig_4D,EdU-positive cells per NSC clone,EdU+ cells per clone,9,ND42 X prestin,Complex I,transporter,TRUE,undated,b116
Fig_4D,EdU-positive cells per NSC clone,EdU+ cells per clone,6,ND42 X prestin,Complex I,transporter,TRUE,undated,b116
Fig_4D,EdU-positive cells per NSC clone,EdU+ cells per clone,6,ND42 X prestin,Complex I,transporter,TRUE,undated,b116
Fig_4D,EdU-positive cells per NSC clone,EdU+ cells per clone,6,ND42 X prestin,Complex I,transporter,TRUE,undated,b116
Fig_4D,EdU-positive cells per NSC clone,EdU+ cells per clone,4,ND42 X prestin,Complex I,transporter,TRUE,undated,b116
Fig_4D,EdU-positive cells per NSC clone,EdU+ cells per clone,6,ND42 X prestin,Complex I,transporter,TRUE,undated,b116
Fig_4D,EdU-positive cells per NSC clone,EdU+ cells per clone,10,ND42 X prestin,Complex I,transporter,TRUE,session_16,b117
Fig_4D,EdU-positive cells per NSC clone,EdU+ cells per clone,3,ND42 X prestin,Complex I,transporter,TRUE,session_16,b117
Fig_4D,EdU-positive cells per NSC clone,EdU+ cells per clone,5,ND42 X prestin,Complex I,transporter,TRUE,session_16,b117
Fig_4D,EdU-positive cells per NSC clone,EdU+ cells per clone,4,ND42 X prestin,Complex I,transporter,TRUE,session_16,b117
Fig_4D,EdU-positive cells per NSC clone,EdU+ cells per clone,6,ND42 X prestin,Complex I,transporter,TRUE,session_16,b117
Fig_4D,EdU-positive cells per NSC clone,EdU+ cells per clone,5,ND42 X prestin,Complex I,transporter,TRUE,session_16,b117
Fig_4D,EdU-positive cells per NSC clone,EdU+ cells per clone,7,ND42 X prestin,Complex I,transporter,TRUE,session_16,b118
Fig_4D,EdU-positive cells per NSC clone,EdU+ cells per clone,9,ND42 X prestin,Complex I,transporter,TRUE,session_16,b118
Fig_4D,EdU-positive cells per NSC clone,EdU+ cells per clone,8,ND42 X prestin,Complex I,transporter,TRUE,session_16,b118
Fig_4D,EdU-positive cells per NSC clone,EdU+ cells per clone,9,ND42 X path,Complex I,transporter,TRUE,undated,b119
Fig_4D,EdU-positive cells per NSC clone,EdU+ cells per clone,4,ND42 X path,Complex I,transporter,TRUE,undated,b119
Fig_4D,EdU-positive cells per NSC clone,EdU+ cells per clone,5,ND42 X path,Complex I,transporter,TRUE,undated,b119
Fig_4D,EdU-positive cells per NSC clone,EdU+ cells per clone,6,ND42 X path,Complex I,transporter,TRUE,undated,b119
Fig_4D,EdU-positive cells per NSC clone,EdU+ cells per clone,5,ND42 X path,Complex I,transporter,TRUE,undated,b119
Fig_4D,EdU-positive cells per NSC clone,EdU+ cells per clone,6,ND42 X path,Complex I,transporter,TRUE,undated,b119
Fig_4D,EdU-positive cells per NSC clone,EdU+ cells per clone,8,ND42 X path,Complex I,transporter,TRUE,session_01,b120
Fig_4D,EdU-positive cells per NSC clone,EdU+ cells per clone,6,ND42 X path,Complex I,transporter,TRUE,session_01,b120
Fig_4D,EdU-positive cells per NSC clone,EdU+ cells per clone,7,ND42 X path,Complex I,transporter,TRUE,session_01,b120
Fig_4D,EdU-positive cells per NSC clone,EdU+ cells per clone,5,ND42 X path,Complex I,transporter,TRUE,session_01,b120
Fig_4D,EdU-positive cells per NSC clone,EdU+ cells per clone,5,ND42 X path,Complex I,transporter,TRUE,session_01,b120
Fig_4D,EdU-positive cells per NSC clone,EdU+ cells per clone,5,ND42 X path,Complex I,transporter,TRUE,session_01,b120
Fig_4D,EdU-positive cells per NSC clone,EdU+ cells per clone,4,ND42 X path,Complex I,transporter,TRUE,session_01,b121
Fig_4D,EdU-positive cells per NSC clone,EdU+ cells per clone,3,ND42 X path,Complex I,transporter,TRUE,session_01,b121
Fig_4D,EdU-positive cells per NSC clone,EdU+ cells per clone,7,ND42 X path,Complex I,transporter,TRUE,session_01,b121
Fig_4D,EdU-positive cells per NSC clone,EdU+ cells per clone,2,ND42 X path,Complex I,transporter,TRUE,session_01,b121
Fig_4D,EdU-positive cells per NSC clone,EdU+ cells per clone,7,ND42 X path,Complex I,transporter,TRUE,session_17,b122
Fig_4D,EdU-positive cells per NSC clone,EdU+ cells per clone,5,ND42 X path,Complex I,transporter,TRUE,session_17,b122
Fig_4D,EdU-positive cells per NSC clone,EdU+ cells per clone,6,ND42 X path,Complex I,transporter,TRUE,session_17,b122
Fig_4D,EdU-positive cells per NSC clone,EdU+ cells per clone,5,ND42 X path,Complex I,transporter,TRUE,session_17,b123
Fig_4D,EdU-positive cells per NSC clone,EdU+ cells per clone,5,ND42 X path,Complex I,transporter,TRUE,session_17,b123
Fig_4D,EdU-positive cells per NSC clone,EdU+ cells per clone,3,ND42 X path,Complex I,transporter,TRUE,session_17,b123
Fig_4D,EdU-positive cells per NSC clone,EdU+ cells per clone,4,ND42 X path,Complex I,transporter,TRUE,session_17,b123
Fig_4D,EdU-positive cells per NSC clone,EdU+ cells per clone,3,ND42 X path,Complex I,transporter,TRUE,session_17,b123
Fig_4D,EdU-positive cells per NSC clone,EdU+ cells per clone,6,ND42 X path,Complex I,transporter,TRUE,session_17,b123
Fig_4D,EdU-positive cells per NSC clone,EdU+ cells per clone,3,ND42 X path,Complex I,transporter,TRUE,session_17,b123
Fig_4D,EdU-positive cells per NSC clone,EdU+ cells per clone,4,ND42 X path,Complex I,transporter,TRUE,session_17,b123
Fig_4D,EdU-positive cells per NSC clone,EdU+ cells per clone,3,ND42 X path,Complex I,transporter,TRUE,session_17,b123
Fig_4D,EdU-positive cells per NSC clone,EdU+ cells per clone,8,ND42 X path,Complex I,transporter,TRUE,session_17,b124
Fig_4D,EdU-positive cells per NSC clone,EdU+ cells per clone,6,ND42 X path,Complex I,transporter,TRUE,session_17,b124
Fig_4D,EdU-positive cells per NSC clone,EdU+ cells per clone,3,ND42 X path,Complex I,transporter,TRUE,session_17,b124
Fig_4D,EdU-positive cells per NSC clone,EdU+ cells per clone,5,ND42 X path,Complex I,transporter,TRUE,session_17,b124
Fig_4D,EdU-positive cells per NSC clone,EdU+ cells per clone,4,ND42 X path,Complex I,transporter,TRUE,session_17,b124
Fig_4D,EdU-positive cells per NSC clone,EdU+ cells per clone,6,ND42 X path,Complex I,transporter,TRUE,session_17,b125
Fig_4D,EdU-positive cells per NSC clone,EdU+ cells per clone,5,ND42 X path,Complex I,transporter,TRUE,session_18,b126
Fig_4D,EdU-positive cells per NSC clone,EdU+ cells per clone,6,ND42 X path,Complex I,transporter,TRUE,session_19,b127
Fig_4D,EdU-positive cells per NSC clone,EdU+ cells per clone,7,ND42 X path,Complex I,transporter,TRUE,session_16,b128
Fig_4D,EdU-positive cells per NSC clone,EdU+ cells per clone,5,ND42 X path,Complex I,transporter,TRUE,session_16,b128
Fig_4D,EdU-positive cells per NSC clone,EdU+ cells per clone,7,ND42 X path,Complex I,transporter,TRUE,session_16,b128
Fig_4D,EdU-positive cells per NSC clone,EdU+ cells per clone,4,ND42 X path,Complex I,transporter,TRUE,session_16,b128
Fig_4D,EdU-positive cells per NSC clone,EdU+ cells per clone,3,ND42 X hrm,Complex I,transporter,TRUE,session_20,b129
Fig_4D,EdU-positive cells per NSC clone,EdU+ cells per clone,4,ND42 X hrm,Complex I,transporter,TRUE,session_20,b129
Fig_4D,EdU-positive cells per NSC clone,EdU+ cells per clone,5,ND42 X hrm,Complex I,transporter,TRUE,session_20,b129
Fig_4D,EdU-positive cells per NSC clone,EdU+ cells per clone,5,ND42 X hrm,Complex I,transporter,TRUE,session_20,b129
Fig_4D,EdU-positive cells per NSC clone,EdU+ cells per clone,3,ND42 X hrm,Complex I,transporter,TRUE,session_20,b129
Fig_4D,EdU-positive cells per NSC clone,EdU+ cells per clone,5,ND42 X hrm,Complex I,transporter,TRUE,session_20,b130
Fig_4D,EdU-positive cells per NSC clone,EdU+ cells per clone,6,ND42 X hrm,Complex I,transporter,TRUE,session_20,b130
Fig_4D,EdU-positive cells per NSC clone,EdU+ cells per clone,5,ND42 X hrm,Complex I,transporter,TRUE,session_20,b130
Fig_4D,EdU-positive cells per NSC clone,EdU+ cells per clone,5,ND42 X hrm,Complex I,transporter,TRUE,session_20,b130
Fig_4D,EdU-positive cells per NSC clone,EdU+ cells per clone,4,ND42 X hrm,Complex I,transporter,TRUE,session_21,b131
Fig_4D,EdU-positive cells per NSC clone,EdU+ cells per clone,5,ND42 X hrm,Complex I,transporter,TRUE,session_21,b131
Fig_4D,EdU-positive cells per NSC clone,EdU+ cells per clone,5,ND42 X hrm,Complex I,transporter,TRUE,session_21,b131
Fig_4D,EdU-positive cells per NSC clone,EdU+ cells per clone,3,ND42 X hrm,Complex I,transporter,TRUE,session_21,b131
Fig_4D,EdU-positive cells per NSC clone,EdU+ cells per clone,4,ND42 X hrm,Complex I,transporter,TRUE,session_21,b131
Fig_4D,EdU-positive cells per NSC clone,EdU+ cells per clone,4,ND42 X hrm,Complex I,transporter,TRUE,session_21,b131
Fig_4D,EdU-positive cells per NSC clone,EdU+ cells per clone,5,ND42 X hrm,Complex I,transporter,TRUE,session_21,b132
Fig_4D,EdU-positive cells per NSC clone,EdU+ cells per clone,8,ND42 X hrm,Complex I,transporter,TRUE,session_21,b132
Fig_4D,EdU-positive cells per NSC clone,EdU+ cells per clone,5,ND42 X hrm,Complex I,transporter,TRUE,session_21,b132
Fig_4D,EdU-positive cells per NSC clone,EdU+ cells per clone,6,ND42 X hrm,Complex I,transporter,TRUE,session_21,b132
Fig_4D,EdU-positive cells per NSC clone,EdU+ cells per clone,6,ND42 X hrm,Complex I,transporter,TRUE,session_21,b132
Fig_4D,EdU-positive cells per NSC clone,EdU+ cells per clone,5,ND42 X hrm,Complex I,transporter,TRUE,session_21,b132
Fig_4D,EdU-positive cells per NSC clone,EdU+ cells per clone,6,ND42 X hrm,Complex I,transporter,TRUE,session_21,b132
Fig_4D,EdU-positive cells per NSC clone,EdU+ cells per clone,4,ND42 X hrm,Complex I,transporter,TRUE,session_21,b132
Fig_4D,EdU-positive cells per NSC clone,EdU+ cells per clone,9,ND42 X Eaat2,Complex I,transporter,TRUE,session_22,b133
Fig_4D,EdU-positive cells per NSC clone,EdU+ cells per clone,4,ND42 X Eaat2,Complex I,transporter,TRUE,session_22,b133
Fig_4D,EdU-positive cells per NSC clone,EdU+ cells per clone,7,ND42 X Eaat2,Complex I,transporter,TRUE,session_22,b133
Fig_4D,EdU-positive cells per NSC clone,EdU+ cells per clone,5,ND42 X Eaat2,Complex I,transporter,TRUE,session_22,b133
Fig_4D,EdU-positive cells per NSC clone,EdU+ cells per clone,8,ND42 X Eaat2,Complex I,transporter,TRUE,session_22,b133
Fig_4D,EdU-positive cells per NSC clone,EdU+ cells per clone,9,ND42 X Eaat2,Complex I,transporter,TRUE,session_23,b134
Fig_4D,EdU-positive cells per NSC clone,EdU+ cells per clone,9,ND42 X Eaat2,Complex I,transporter,TRUE,session_23,b134
Fig_4D,EdU-positive cells per NSC clone,EdU+ cells per clone,6,ND42 X Eaat2,Complex I,transporter,TRUE,session_21,b135
Fig_4D,EdU-positive cells per NSC clone,EdU+ cells per clone,7,ND42 X Eaat2,Complex I,transporter,TRUE,session_21,b135
Fig_4D,EdU-positive cells per NSC clone,EdU+ cells per clone,6,ND42 X Eaat2,Complex I,transporter,TRUE,session_21,b135
Fig_4D,EdU-positive cells per NSC clone,EdU+ cells per clone,7,ND42 X Eaat2,Complex I,transporter,TRUE,session_21,b135
Fig_4D,EdU-positive cells per NSC clone,EdU+ cells per clone,6,ND42 X Eaat2,Complex I,transporter,TRUE,session_21,b135
Fig_4D,EdU-positive cells per NSC clone,EdU+ cells per clone,8,ND42 X Eaat2,Complex I,transporter,TRUE,session_21,b135
Fig_4D,EdU-positive cells per NSC clone,EdU+ cells per clone,4,ND42 X Eaat2,Complex I,transporter,TRUE,session_21,b136
Fig_4D,EdU-positive cells per NSC clone,EdU+ cells per clone,6,ND42 X Eaat2,Complex I,transporter,TRUE,session_21,b136
Fig_4D,EdU-positive cells per NSC clone,EdU+ cells per clone,6,ND42 X Eaat2,Complex I,transporter,TRUE,session_21,b136
Fig_4D,EdU-positive cells per NSC clone,EdU+ cells per clone,4,ND42 X Eaat2,Complex I,transporter,TRUE,session_21,b136
Fig_4D,EdU-positive cells per NSC clone,EdU+ cells per clone,6,ND42 X Eaat2,Complex I,transporter,TRUE,session_21,b136
Fig_4D,EdU-positive cells per NSC clone,EdU+ cells per clone,6,ND42 X Eaat2,Complex I,transporter,TRUE,session_21,b136
Fig_4D,EdU-positive cells per NSC clone,EdU+ cells per clone,7,ND42 X Eaat2,Complex I,transporter,TRUE,session_21,b136
Fig_4D,EdU-positive cells per NSC clone,EdU+ cells per clone,7,ND42 X Eaat2,Complex I,transporter,TRUE,session_21,b137
Fig_4D,EdU-positive cells per NSC clone,EdU+ cells per clone,5,ND42 X Eaat2,Complex I,transporter,TRUE,session_21,b137
Fig_4D,EdU-positive cells per NSC clone,EdU+ cells per clone,7,ND42 X Eaat2,Complex I,transporter,TRUE,session_21,b137
Fig_4D,EdU-positive cells per NSC clone,EdU+ cells per clone,6,ND42 X Eaat2,Complex I,transporter,TRUE,session_21,b137
Fig_4D,EdU-positive cells per NSC clone,EdU+ cells per clone,7,ND42 X Eaat2,Complex I,transporter,TRUE,session_21,b137
Fig_4D,EdU-positive cells per NSC clone,EdU+ cells per clone,7,ND42 X Eaat2,Complex I,transporter,TRUE,session_21,b137
Fig_4D,EdU-positive cells per NSC clone,EdU+ cells per clone,4,ND42 X Mct1,Complex I,transporter,TRUE,session_21,b138
Fig_4D,EdU-positive cells per NSC clone,EdU+ cells per clone,6,ND42 X Mct1,Complex I,transporter,TRUE,session_21,b138
Fig_4D,EdU-positive cells per NSC clone,EdU+ cells per clone,3,ND42 X Mct1,Complex I,transporter,TRUE,session_21,b138
Fig_4D,EdU-positive cells per NSC clone,EdU+ cells per clone,4,ND42 X Mct1,Complex I,transporter,TRUE,session_21,b138
Fig_4D,EdU-positive cells per NSC clone,EdU+ cells per clone,4,ND42 X Mct1,Complex I,transporter,TRUE,session_21,b138
Fig_4D,EdU-positive cells per NSC clone,EdU+ cells per clone,4,ND42 X Mct1,Complex I,transporter,TRUE,session_21,b138
Fig_4D,EdU-positive cells per NSC clone,EdU+ cells per clone,6,ND42 X Mct1,Complex I,transporter,TRUE,session_06,b139
Fig_4D,EdU-positive cells per NSC clone,EdU+ cells per clone,5,ND42 X Mct1,Complex I,transporter,TRUE,session_06,b139
Fig_4D,EdU-positive cells per NSC clone,EdU+ cells per clone,6,ND42 X Mct1,Complex I,transporter,TRUE,session_06,b139
Fig_4D,EdU-positive cells per NSC clone,EdU+ cells per clone,4,ND42 X Mct1,Complex I,transporter,TRUE,session_06,b140
Fig_4D,EdU-positive cells per NSC clone,EdU+ cells per clone,6,ND42 X Mct1,Complex I,transporter,TRUE,session_06,b140
Fig_4D,EdU-positive cells per NSC clone,EdU+ cells per clone,6,ND42 X Mct1,Complex I,transporter,TRUE,session_06,b140
Fig_4D,EdU-positive cells per NSC clone,EdU+ cells per clone,5,ND42 X Mct1,Complex I,transporter,TRUE,session_06,b140
Fig_4D,EdU-positive cells per NSC clone,EdU+ cells per clone,8,ND42 X Mct1,Complex I,transporter,TRUE,session_06,b140
Fig_4D,EdU-positive cells per NSC clone,EdU+ cells per clone,7,ND42 X Mct1,Complex I,transporter,TRUE,session_06,b141
Fig_4D,EdU-positive cells per NSC clone,EdU+ cells per clone,7,ND42 X Mct1,Complex I,transporter,TRUE,session_06,b141
Fig_4D,EdU-positive cells per NSC clone,EdU+ cells per clone,5,ND42 X Mct1,Complex I,transporter,TRUE,session_06,b141
Fig_4D,EdU-positive cells per NSC clone,EdU+ cells per clone,6,ND42 X Mct1,Complex I,transporter,TRUE,session_06,b141
Fig_4D,EdU-positive cells per NSC clone,EdU+ cells per clone,6,ND42 X Mct1,Complex I,transporter,TRUE,session_06,b141
Fig_4D,EdU-positive cells per NSC clone,EdU+ cells per clone,5,ND42 X Mct1,Complex I,transporter,TRUE,session_06,b142
Fig_4D,EdU-positive cells per NSC clone,EdU+ cells per clone,7,ND42 X Mct1,Complex I,transporter,TRUE,session_06,b142
Fig_4D,EdU-positive cells per NSC clone,EdU+ cells per clone,7,ND42 X Mct1,Complex I,transporter,TRUE,session_06,b142
Fig_4D,EdU-positive cells per NSC clone,EdU+ cells per clone,9,ND42 X Mct1,Complex I,transporter,TRUE,session_06,b142
Fig_4D,EdU-positive cells per NSC clone,EdU+ cells per clone,4,ND42 X Mct1,Complex I,transporter,TRUE,session_06,b142
Fig_4D,EdU-positive cells per NSC clone,EdU+ cells per clone,5,ND42 X Mct1,Complex I,transporter,TRUE,session_06,b142
Fig_4D,EdU-positive cells per NSC clone,EdU+ cells per clone,6,ND42 X Balat,Complex I,transporter,TRUE,session_24,b143
Fig_4D,EdU-positive cells per NSC clone,EdU+ cells per clone,7,ND42 X Balat,Complex I,transporter,TRUE,session_24,b143
Fig_4D,EdU-positive cells per NSC clone,EdU+ cells per clone,8,ND42 X Balat,Complex I,transporter,TRUE,session_24,b144
Fig_4D,EdU-positive cells per NSC clone,EdU+ cells per clone,9,ND42 X Balat,Complex I,transporter,TRUE,session_24,b144
Fig_4D,EdU-positive cells per NSC clone,EdU+ cells per clone,7,ND42 X Balat,Complex I,transporter,TRUE,session_06,b145
Fig_4D,EdU-positive cells per NSC clone,EdU+ cells per clone,10,ND42 X Balat,Complex I,transporter,TRUE,session_06,b145
Fig_4D,EdU-positive cells per NSC clone,EdU+ cells per clone,9,ND42 X Balat,Complex I,transporter,TRUE,session_06,b145
Fig_4D,EdU-positive cells per NSC clone,EdU+ cells per clone,10,ND42 X Balat,Complex I,transporter,TRUE,session_06,b145
Fig_4D,EdU-positive cells per NSC clone,EdU+ cells per clone,9,ND42 X Balat,Complex I,transporter,TRUE,session_06,b146
Fig_4D,EdU-positive cells per NSC clone,EdU+ cells per clone,8,ND42 X Balat,Complex I,transporter,TRUE,session_06,b146
Fig_4D,EdU-positive cells per NSC clone,EdU+ cells per clone,11,ND42 X Balat,Complex I,transporter,TRUE,session_06,b146
Fig_4D,EdU-positive cells per NSC clone,EdU+ cells per clone,6,ND42 X Balat,Complex I,transporter,TRUE,session_06,b146
Fig_4D,EdU-positive cells per NSC clone,EdU+ cells per clone,6,ND42 X Balat,Complex I,transporter,TRUE,session_06,b146
Fig_4D,EdU-positive cells per NSC clone,EdU+ cells per clone,10,ND42 X Balat,Complex I,transporter,TRUE,session_06,b147
Fig_4D,EdU-positive cells per NSC clone,EdU+ cells per clone,10,ND42 X Balat,Complex I,transporter,TRUE,session_06,b147
Fig_4D,EdU-positive cells per NSC clone,EdU+ cells per clone,11,ND42 X Balat,Complex I,transporter,TRUE,session_06,b147
Fig_4D,EdU-positive cells per NSC clone,EdU+ cells per clone,7,ND42 X Balat,Complex I,transporter,TRUE,session_06,b147
Fig_4D,EdU-positive cells per NSC clone,EdU+ cells per clone,9,ND42 X Balat,Complex I,transporter,TRUE,session_06,b148
Fig_4D,EdU-positive cells per NSC clone,EdU+ cells per clone,8,ND42 X Balat,Complex I,transporter,TRUE,session_06,b148
Fig_4D,EdU-positive cells per NSC clone,EdU+ cells per clone,10,ND42 X Balat,Complex I,transporter,TRUE,session_06,b148
Fig_4D,EdU-positive cells per NSC clone,EdU+ cells per clone,7,ND42 X Balat,Complex I,transporter,TRUE,session_06,b148
Fig_4D,EdU-positive cells per NSC clone,EdU+ cells per clone,8,ND42 X Balat,Complex I,transporter,TRUE,session_06,b148
Fig_4D,EdU-positive cells per NSC clone,EdU+ cells per clone,6,ND42 X Balat,Complex I,transporter,TRUE,session_06,b148
Fig_4D,EdU-positive cells per NSC clone,EdU+ cells per clone,6,ND42 X Balat,Complex I,transporter,TRUE,session_06,b149
Fig_4D,EdU-positive cells per NSC clone,EdU+ cells per clone,5,ND42 X Balat,Complex I,transporter,TRUE,session_06,b149
Fig_4D,EdU-positive cells per NSC clone,EdU+ cells per clone,4,ND42 X Balat,Complex I,transporter,TRUE,session_06,b149
Fig_4D,EdU-positive cells per NSC clone,EdU+ cells per clone,4,ND42 X CG1628,Complex I,transporter,TRUE,session_24,b150
Fig_4D,EdU-positive cells per NSC clone,EdU+ cells per clone,7,ND42 X CG1628,Complex I,transporter,TRUE,session_06,b151
Fig_4D,EdU-positive cells per NSC clone,EdU+ cells per clone,7,ND42 X CG1628,Complex I,transporter,TRUE,session_06,b151
Fig_4D,EdU-positive cells per NSC clone,EdU+ cells per clone,7,ND42 X CG1628,Complex I,transporter,TRUE,session_06,b152
Fig_4D,EdU-positive cells per NSC clone,EdU+ cells per clone,5,ND42 X CG1628,Complex I,transporter,TRUE,session_06,b152
Fig_4D,EdU-positive cells per NSC clone,EdU+ cells per clone,8,ND42 X CG1628,Complex I,transporter,TRUE,session_06,b152
Fig_4D,EdU-positive cells per NSC clone,EdU+ cells per clone,6,ND42 X CG1628,Complex I,transporter,TRUE,session_06,b153
Fig_4D,EdU-positive cells per NSC clone,EdU+ cells per clone,6,ND42 X CG1628,Complex I,transporter,TRUE,session_06,b153
Fig_4D,EdU-positive cells per NSC clone,EdU+ cells per clone,8,ND42 X CG1628,Complex I,transporter,TRUE,session_06,b153
Fig_4D,EdU-positive cells per NSC clone,EdU+ cells per clone,7,ND42 X CG1628,Complex I,transporter,TRUE,session_06,b153
Fig_4D,EdU-positive cells per NSC clone,EdU+ cells per clone,7,ND42 X CG1628,Complex I,transporter,TRUE,session_06,b153
Fig_4D,EdU-positive cells per NSC clone,EdU+ cells per clone,6,ND42 X CG1628,Complex I,transporter,TRUE,session_06,b154
Fig_4D,EdU-positive cells per NSC clone,EdU+ cells per clone,7,ND42 X CG1628,Complex I,transporter,TRUE,session_06,b154
Fig_4D,EdU-positive cells per NSC clone,EdU+ cells per clone,5,ND42 X CG1628,Complex I,transporter,TRUE,session_06,b154
Fig_4D,EdU-positive cells per NSC clone,EdU+ cells per clone,6,ND42 X CG1628,Complex I,transporter,TRUE,session_06,b155
Fig_4D,EdU-positive cells per NSC clone,EdU+ cells per clone,8,ND42 X CG1628,Complex I,transporter,TRUE,session_06,b155
Fig_4D,EdU-positive cells per NSC clone,EdU+ cells per clone,10,ND42 X CG1628,Complex I,transporter,TRUE,session_06,b155
Fig_4D,EdU-positive cells per NSC clone,EdU+ cells per clone,6,ND42 X CG1628,Complex I,transporter,TRUE,session_06,b155
Fig_4D,EdU-positive cells per NSC clone,EdU+ cells per clone,6,ND42 X CG1628,Complex I,transporter,TRUE,session_06,b155
Fig_4D,EdU-positive cells per NSC clone,EdU+ cells per clone,7,ND42 X Slif,Complex I,transporter,TRUE,session_06,b156
Fig_4D,EdU-positive cells per NSC clone,EdU+ cells per clone,6,ND42 X Slif,Complex I,transporter,TRUE,session_06,b156
Fig_4D,EdU-positive cells per NSC clone,EdU+ cells per clone,7,ND42 X Slif,Complex I,transporter,TRUE,session_06,b156
Fig_4D,EdU-positive cells per NSC clone,EdU+ cells per clone,6,ND42 X Slif,Complex I,transporter,TRUE,session_06,b156
Fig_4D,EdU-positive cells per NSC clone,EdU+ cells per clone,7,ND42 X Slif,Complex I,transporter,TRUE,session_06,b156
Fig_4D,EdU-positive cells per NSC clone,EdU+ cells per clone,4,ND42 X Slif,Complex I,transporter,TRUE,session_06,b157
Fig_4D,EdU-positive cells per NSC clone,EdU+ cells per clone,4,ND42 X Slif,Complex I,transporter,TRUE,session_06,b157
Fig_4D,EdU-positive cells per NSC clone,EdU+ cells per clone,7,ND42 X Slif,Complex I,transporter,TRUE,session_06,b157
Fig_4D,EdU-positive cells per NSC clone,EdU+ cells per clone,6,ND42 X Slif,Complex I,transporter,TRUE,session_06,b157
Fig_4D,EdU-positive cells per NSC clone,EdU+ cells per clone,8,ND42 X Slif,Complex I,transporter,TRUE,session_06,b158
Fig_4D,EdU-positive cells per NSC clone,EdU+ cells per clone,5,ND42 X Slif,Complex I,transporter,TRUE,session_06,b158
Fig_4D,EdU-positive cells per NSC clone,EdU+ cells per clone,8,ND42 X Slif,Complex I,transporter,TRUE,session_06,b159
Fig_4D,EdU-positive cells per NSC clone,EdU+ cells per clone,7,ND42 X Slif,Complex I,transporter,TRUE,session_06,b159
Fig_4D,EdU-positive cells per NSC clone,EdU+ cells per clone,6,ND42 X Slif,Complex I,transporter,TRUE,session_06,b159
Fig_4D,EdU-positive cells per NSC clone,EdU+ cells per clone,8,ND42 X Slif,Complex I,transporter,TRUE,session_06,b159
Fig_4D,EdU-positive cells per NSC clone,EdU+ cells per clone,6,ND42 X Slif,Complex I,transporter,TRUE,session_06,b159
Fig_4D,EdU-positive cells per NSC clone,EdU+ cells per clone,5,ND42 X Slif,Complex I,transporter,TRUE,session_06,b159
Fig_4D,EdU-positive cells per NSC clone,EdU+ cells per clone,7,ND42 X Slif,Complex I,transporter,TRUE,session_06,b160
Fig_4D,EdU-positive cells per NSC clone,EdU+ cells per clone,6,ND42 X Slif,Complex I,transporter,TRUE,session_06,b160
Fig_4D,EdU-positive cells per NSC clone,EdU+ cells per clone,6,ND42 X Slif,Complex I,transporter,TRUE,session_06,b160
Fig_4D,EdU-positive cells per NSC clone,EdU+ cells per clone,7,ND42 X Slif,Complex I,transporter,TRUE,session_06,b160
Fig_4D,EdU-positive cells per NSC clone,EdU+ cells per clone,8,ND42 X Slif,Complex I,transporter,TRUE,session_06,b161
Fig_4D,EdU-positive cells per NSC clone,EdU+ cells per clone,4,ND42 X Slif,Complex I,transporter,TRUE,session_06,b161
Fig_4D,EdU-positive cells per NSC clone,EdU+ cells per clone,6,ND42 X Slif,Complex I,transporter,TRUE,session_06,b161
Fig_4D,EdU-positive cells per NSC clone,EdU+ cells per clone,9,ND42 X Slif,Complex I,transporter,TRUE,session_06,b162
Fig_4D,EdU-positive cells per NSC clone,EdU+ cells per clone,9,ND42 X Slif,Complex I,transporter,TRUE,session_06,b162
Fig_4D,EdU-positive cells per NSC clone,EdU+ cells per clone,5,ND42 X Slif,Complex I,transporter,TRUE,session_06,b162
Fig_4D,EdU-positive cells per NSC clone,EdU+ cells per clone,7,ND42 X Slif,Complex I,transporter,TRUE,session_06,b162
Fig_4D,EdU-positive cells per NSC clone,EdU+ cells per clone,7,ND42 X Slif,Complex I,transporter,TRUE,session_06,b162
Fig_4D,EdU-positive cells per NSC clone,EdU+ cells per clone,5,ND42 X Slif,Complex I,transporter,TRUE,session_06,b162
Fig_4D,EdU-positive cells per NSC clone,EdU+ cells per clone,4,ND42 X Eaat1 (Bloom),Complex I,transporter,TRUE,session_17,b163
Fig_4D,EdU-positive cells per NSC clone,EdU+ cells per clone,6,ND42 X Eaat1 (Bloom),Complex I,transporter,TRUE,session_17,b163
Fig_4D,EdU-positive cells per NSC clone,EdU+ cells per clone,3,ND42 X Eaat1 (Bloom),Complex I,transporter,TRUE,session_17,b163
Fig_4D,EdU-positive cells per NSC clone,EdU+ cells per clone,6,ND42 X Eaat1 (Bloom),Complex I,transporter,TRUE,session_17,b164
Fig_4D,EdU-positive cells per NSC clone,EdU+ cells per clone,6,ND42 X Eaat1 (Bloom),Complex I,transporter,TRUE,session_17,b164
Fig_4D,EdU-positive cells per NSC clone,EdU+ cells per clone,4,ND42 X Eaat1 (Bloom),Complex I,transporter,TRUE,session_17,b164
Fig_4D,EdU-positive cells per NSC clone,EdU+ cells per clone,5,ND42 X Eaat1 (Bloom),Complex I,transporter,TRUE,session_06,b165
Fig_4D,EdU-positive cells per NSC clone,EdU+ cells per clone,6,ND42 X Eaat1 (Bloom),Complex I,transporter,TRUE,session_06,b165
Fig_4D,EdU-positive cells per NSC clone,EdU+ cells per clone,5,ND42 X Eaat1 (Bloom),Complex I,transporter,TRUE,session_06,b165
Fig_4D,EdU-positive cells per NSC clone,EdU+ cells per clone,6,ND42 X Eaat1 (Bloom),Complex I,transporter,TRUE,session_06,b165
Fig_4D,EdU-positive cells per NSC clone,EdU+ cells per clone,5,ND42 X Eaat1 (Bloom),Complex I,transporter,TRUE,session_06,b165
Fig_4D,EdU-positive cells per NSC clone,EdU+ cells per clone,5,ND42 X Eaat1 (Bloom),Complex I,transporter,TRUE,session_06,b165
Fig_4D,EdU-positive cells per NSC clone,EdU+ cells per clone,5,ND42 X Eaat1 (Bloom),Complex I,transporter,TRUE,session_06,b165
Fig_4D,EdU-positive cells per NSC clone,EdU+ cells per clone,4,ND42 X Eaat1 (Bloom),Complex I,transporter,TRUE,session_06,b165
Fig_4D,EdU-positive cells per NSC clone,EdU+ cells per clone,5,ND42 X Eaat1 (Bloom),Complex I,transporter,TRUE,session_06,b166
Fig_4D,EdU-positive cells per NSC clone,EdU+ cells per clone,6,ND42 X Eaat1 (Bloom),Complex I,transporter,TRUE,session_06,b166
Fig_4D,EdU-positive cells per NSC clone,EdU+ cells per clone,5,ND42 X Eaat1 (Bloom),Complex I,transporter,TRUE,session_06,b166
Fig_4D,EdU-positive cells per NSC clone,EdU+ cells per clone,5,ND42 X Eaat1 (Bloom),Complex I,transporter,TRUE,session_06,b167
Fig_4D,EdU-positive cells per NSC clone,EdU+ cells per clone,6,ND42 X Eaat1 (Bloom),Complex I,transporter,TRUE,session_06,b167
Fig_4D,EdU-positive cells per NSC clone,EdU+ cells per clone,5,ND42 X Eaat1 (Bloom),Complex I,transporter,TRUE,session_06,b167
Fig_4D,EdU-positive cells per NSC clone,EdU+ cells per clone,5,ND42 X Eaat1 (Bloom),Complex I,transporter,TRUE,session_06,b167
Fig_4D,EdU-positive cells per NSC clone,EdU+ cells per clone,5,ND42 X Eaat1 (Bloom),Complex I,transporter,TRUE,session_06,b167
Fig_4D,EdU-positive cells per NSC clone,EdU+ cells per clone,6,ND42 X Eaat1 (Bloom),Complex I,transporter,TRUE,session_06,b168
Fig_4D,EdU-positive cells per NSC clone,EdU+ cells per clone,7,ND42 X Eaat1 (Bloom),Complex I,transporter,TRUE,session_06,b168
Fig_4D,EdU-positive cells per NSC clone,EdU+ cells per clone,4,ND42 X Eaat1 (Bloom),Complex I,transporter,TRUE,session_06,b168
Fig_4D,EdU-positive cells per NSC clone,EdU+ cells per clone,7,ND42 X Eaat1 (Bloom),Complex I,transporter,TRUE,session_06,b168
Fig_4D,EdU-positive cells per NSC clone,EdU+ cells per clone,5,ND42 X Eaat1 (Bloom),Complex I,transporter,TRUE,session_06,b168
Fig_4D,EdU-positive cells per NSC clone,EdU+ cells per clone,6,ND42 X Eaat1 (Bloom),Complex I,transporter,TRUE,session_06,b168
Fig_4D,EdU-positive cells per NSC clone,EdU+ cells per clone,9,ND42 X Sfxn1-3,Complex I,transporter,TRUE,session_10,b169
Fig_4D,EdU-positive cells per NSC clone,EdU+ cells per clone,6,ND42 X Sfxn1-3,Complex I,transporter,TRUE,session_10,b169
Fig_4D,EdU-positive cells per NSC clone,EdU+ cells per clone,7,ND42 X Sfxn1-3,Complex I,transporter,TRUE,session_10,b169
Fig_4D,EdU-positive cells per NSC clone,EdU+ cells per clone,6,ND42 X Sfxn1-3,Complex I,transporter,TRUE,session_10,b170
Fig_4D,EdU-positive cells per NSC clone,EdU+ cells per clone,8,ND42 X Sfxn1-3,Complex I,transporter,TRUE,session_10,b170
Fig_4D,EdU-positive cells per NSC clone,EdU+ cells per clone,7,ND42 X Sfxn1-3,Complex I,transporter,TRUE,session_10,b170
Fig_4D,EdU-positive cells per NSC clone,EdU+ cells per clone,6,ND42 X Sfxn1-3,Complex I,transporter,TRUE,session_10,b170
Fig_4D,EdU-positive cells per NSC clone,EdU+ cells per clone,9,ND42 X Sfxn1-3,Complex I,transporter,TRUE,session_10,b171
Fig_4D,EdU-positive cells per NSC clone,EdU+ cells per clone,8,ND42 X Sfxn1-3,Complex I,transporter,TRUE,session_10,b171
Fig_4D,EdU-positive cells per NSC clone,EdU+ cells per clone,3,ND42 X Sfxn1-3,Complex I,transporter,TRUE,session_10,b171
Fig_4D,EdU-positive cells per NSC clone,EdU+ cells per clone,4,ND42 X Sfxn1-3,Complex I,transporter,TRUE,session_10,b172
Fig_4D,EdU-positive cells per NSC clone,EdU+ cells per clone,6,ND42 X Sfxn1-3,Complex I,transporter,TRUE,session_10,b172
Fig_4D,EdU-positive cells per NSC clone,EdU+ cells per clone,9,ND42 X Sfxn1-3,Complex I,transporter,TRUE,session_10,b172
Fig_4D,EdU-positive cells per NSC clone,EdU+ cells per clone,4,ND42 X Sfxn1-3,Complex I,transporter,TRUE,session_10,b173
Fig_4D,EdU-positive cells per NSC clone,EdU+ cells per clone,5,ND42 X Sfxn1-3,Complex I,transporter,TRUE,session_10,b173
Fig_4D,EdU-positive cells per NSC clone,EdU+ cells per clone,7,ND42 X Sfxn1-3,Complex I,transporter,TRUE,session_10,b173
Fig_4D,EdU-positive cells per NSC clone,EdU+ cells per clone,7,ND42 X Sfxn1-3,Complex I,transporter,TRUE,session_10,b173
Fig_4D,EdU-positive cells per NSC clone,EdU+ cells per clone,4,ND42 X Sfxn1-3,Complex I,transporter,TRUE,session_10,b173
Fig_4D,EdU-positive cells per NSC clone,EdU+ cells per clone,6,ND42 X CG5535,Complex I,transporter,TRUE,session_09,b174
Fig_4D,EdU-positive cells per NSC clone,EdU+ cells per clone,8,ND42 X CG5535,Complex I,transporter,TRUE,session_09,b174
Fig_4D,EdU-positive cells per NSC clone,EdU+ cells per clone,8,ND42 X CG5535,Complex I,transporter,TRUE,session_09,b174
Fig_4D,EdU-positive cells per NSC clone,EdU+ cells per clone,7,ND42 X CG5535,Complex I,transporter,TRUE,session_09,b174
Fig_4D,EdU-positive cells per NSC clone,EdU+ cells per clone,6,ND42 X CG5535,Complex I,transporter,TRUE,session_09,b175
Fig_4D,EdU-positive cells per NSC clone,EdU+ cells per clone,6,ND42 X CG5535,Complex I,transporter,TRUE,session_09,b175
Fig_4D,EdU-positive cells per NSC clone,EdU+ cells per clone,6,ND42 X CG5535,Complex I,transporter,TRUE,session_09,b175
Fig_4D,EdU-positive cells per NSC clone,EdU+ cells per clone,7,ND42 X CG5535,Complex I,transporter,TRUE,session_09,b175
Fig_4D,EdU-positive cells per NSC clone,EdU+ cells per clone,8,ND42 X CG5535,Complex I,transporter,TRUE,session_09,b176
Fig_4D,EdU-positive cells per NSC clone,EdU+ cells per clone,10,ND42 X CG5535,Complex I,transporter,TRUE,session_09,b176
Fig_4D,EdU-positive cells per NSC clone,EdU+ cells per clone,10,ND42 X CG5535,Complex I,transporter,TRUE,session_09,b176
Fig_4D,EdU-positive cells per NSC clone,EdU+ cells per clone,7,ND42 X CG5535,Complex I,transporter,TRUE,session_09,b176
Fig_4D,EdU-positive cells per NSC clone,EdU+ cells per clone,6,ND42 X CG5535,Complex I,transporter,TRUE,session_09,b176
Fig_4D,EdU-positive cells per NSC clone,EdU+ cells per clone,3,ND42 X CG5535,Complex I,transporter,TRUE,session_09,b177
Fig_4D,EdU-positive cells per NSC clone,EdU+ cells per clone,5,ND42 X CG5535,Complex I,transporter,TRUE,session_09,b177
Fig_4D,EdU-positive cells per NSC clone,EdU+ cells per clone,7,ND42 X CG5535,Complex I,transporter,TRUE,session_09,b177
Fig_4D,EdU-positive cells per NSC clone,EdU+ cells per clone,8,ND42 X CG5535,Complex I,transporter,TRUE,session_09,b177
Fig_4D,EdU-positive cells per NSC clone,EdU+ cells per clone,7,ND42 X CG5535,Complex I,transporter,TRUE,session_09,b177
Fig_4D,EdU-positive cells per NSC clone,EdU+ cells per clone,5,ND42 X CG5535,Complex I,transporter,TRUE,session_10,b178
Fig_4D,EdU-positive cells per NSC clone,EdU+ cells per clone,7,ND42 X CG5535,Complex I,transporter,TRUE,session_10,b179
Fig_4D,EdU-positive cells per NSC clone,EdU+ cells per clone,7,ND42 X CG5535,Complex I,transporter,TRUE,session_10,b179
Fig_4D,EdU-positive cells per NSC clone,EdU+ cells per clone,6,ND42 X CG5535,Complex I,transporter,TRUE,session_10,b179
Fig_4D,EdU-positive cells per NSC clone,EdU+ cells per clone,5,ND42 X CG5535,Complex I,transporter,TRUE,session_10,b179
Fig_4D,EdU-positive cells per NSC clone,EdU+ cells per clone,7,ND42 X CG5535,Complex I,transporter,TRUE,session_10,b179
Fig_4D,EdU-positive cells per NSC clone,EdU+ cells per clone,7,ND42 X CG5535,Complex I,transporter,TRUE,session_10,b180
Fig_4D,EdU-positive cells per NSC clone,EdU+ cells per clone,7,ND42 X CG5535,Complex I,transporter,TRUE,session_10,b180
Fig_4D,EdU-positive cells per NSC clone,EdU+ cells per clone,4,ND42 X CG5535,Complex I,transporter,TRUE,session_10,b180
Fig_4D,EdU-positive cells per NSC clone,EdU+ cells per clone,7,ND42 X CG5535,Complex I,transporter,TRUE,session_10,b181
Fig_4D,EdU-positive cells per NSC clone,EdU+ cells per clone,7,ND42 X CG5535,Complex I,transporter,TRUE,session_10,b181
Fig_4D,EdU-positive cells per NSC clone,EdU+ cells per clone,7,ND42 X CG5535,Complex I,transporter,TRUE,session_10,b181
Fig_4D,EdU-positive cells per NSC clone,EdU+ cells per clone,4,ND42 X CG5535,Complex I,transporter,TRUE,session_10,b181
Fig_4D,EdU-positive cells per NSC clone,EdU+ cells per clone,6,ND42 X CG5535,Complex I,transporter,TRUE,session_10,b182
Fig_4D,EdU-positive cells per NSC clone,EdU+ cells per clone,9,ND42 X CG5535,Complex I,transporter,TRUE,session_10,b182
Fig_4D,EdU-positive cells per NSC clone,EdU+ cells per clone,7,ND42 X CG5535,Complex I,transporter,TRUE,session_10,b182
Fig_4D,EdU-positive cells per NSC clone,EdU+ cells per clone,9,ND42 X CG5535,Complex I,transporter,TRUE,session_10,b182
Fig_4D,EdU-positive cells per NSC clone,EdU+ cells per clone,11,ND42 X Mpc1,Complex I,transporter,TRUE,session_08,b183
Fig_4D,EdU-positive cells per NSC clone,EdU+ cells per clone,8,ND42 X Mpc1,Complex I,transporter,TRUE,session_08,b183
Fig_4D,EdU-positive cells per NSC clone,EdU+ cells per clone,4,ND42 X Mpc1,Complex I,transporter,TRUE,session_08,b183
Fig_4D,EdU-positive cells per NSC clone,EdU+ cells per clone,6,ND42 X Mpc1,Complex I,transporter,TRUE,session_08,b184
Fig_4D,EdU-positive cells per NSC clone,EdU+ cells per clone,10,ND42 X Mpc1,Complex I,transporter,TRUE,session_08,b184
Fig_4D,EdU-positive cells per NSC clone,EdU+ cells per clone,5,ND42 X Mpc1,Complex I,transporter,TRUE,session_08,b184
Fig_4D,EdU-positive cells per NSC clone,EdU+ cells per clone,9,ND42 X Mpc1,Complex I,transporter,TRUE,session_08,b184
Fig_4D,EdU-positive cells per NSC clone,EdU+ cells per clone,6,ND42 X Mpc1,Complex I,transporter,TRUE,session_08,b184
Fig_4D,EdU-positive cells per NSC clone,EdU+ cells per clone,9,ND42 X Mpc1,Complex I,transporter,TRUE,session_08,b185
Fig_4D,EdU-positive cells per NSC clone,EdU+ cells per clone,8,ND42 X Mpc1,Complex I,transporter,TRUE,session_08,b185
Fig_4D,EdU-positive cells per NSC clone,EdU+ cells per clone,5,ND42 X Mpc1,Complex I,transporter,TRUE,session_08,b185
Fig_4D,EdU-positive cells per NSC clone,EdU+ cells per clone,5,ND42 X Mpc1,Complex I,transporter,TRUE,session_08,b186
Fig_4D,EdU-positive cells per NSC clone,EdU+ cells per clone,4,ND42 X Mpc1,Complex I,transporter,TRUE,session_08,b186
Fig_4D,EdU-positive cells per NSC clone,EdU+ cells per clone,9,ND42 X Mpc1,Complex I,transporter,TRUE,session_08,b186
Fig_4D,EdU-positive cells per NSC clone,EdU+ cells per clone,9,ND42 X Mpc1,Complex I,transporter,TRUE,session_08,b187
Fig_4D,EdU-positive cells per NSC clone,EdU+ cells per clone,9,ND42 X Mpc1,Complex I,transporter,TRUE,session_08,b187
Fig_4D,EdU-positive cells per NSC clone,EdU+ cells per clone,6,ND42 X Mpc1,Complex I,transporter,TRUE,session_08,b187
Fig_4D,EdU-positive cells per NSC clone,EdU+ cells per clone,5,ND42 X Mpc1,Complex I,transporter,TRUE,session_08,b187
Fig_4D,EdU-positive cells per NSC clone,EdU+ cells per clone,8,ND42 X Mpc1,Complex I,transporter,TRUE,session_08,b187
Fig_4D,EdU-positive cells per NSC clone,EdU+ cells per clone,7,ND42 X Mpc1,Complex I,transporter,TRUE,session_08,b187
Fig_4D,EdU-positive cells per NSC clone,EdU+ cells per clone,7,ND42 X Mpc1,Complex I,transporter,TRUE,session_08,b187
Fig_4D,EdU-positive cells per NSC clone,EdU+ cells per clone,7,ND42 X Mpc1,Complex I,transporter,TRUE,session_08,b187
Fig_4D,EdU-positive cells per NSC clone,EdU+ cells per clone,10,ND42 X chaski,Complex I,transporter,TRUE,session_25,b188
Fig_4D,EdU-positive cells per NSC clone,EdU+ cells per clone,11,ND42 X chaski,Complex I,transporter,TRUE,session_25,b188
Fig_4D,EdU-positive cells per NSC clone,EdU+ cells per clone,9,ND42 X chaski,Complex I,transporter,TRUE,session_25,b188
Fig_4D,EdU-positive cells per NSC clone,EdU+ cells per clone,6,ND42 X chaski,Complex I,transporter,TRUE,session_25,b188
Fig_4D,EdU-positive cells per NSC clone,EdU+ cells per clone,9,ND42 X chaski,Complex I,transporter,TRUE,session_25,b188
Fig_4D,EdU-positive cells per NSC clone,EdU+ cells per clone,5,ND42 X chaski,Complex I,transporter,TRUE,session_25,b189
Fig_4D,EdU-positive cells per NSC clone,EdU+ cells per clone,6,ND42 X chaski,Complex I,transporter,TRUE,session_25,b189
Fig_4D,EdU-positive cells per NSC clone,EdU+ cells per clone,6,ND42 X chaski,Complex I,transporter,TRUE,session_25,b189
Fig_4D,EdU-positive cells per NSC clone,EdU+ cells per clone,8,ND42 X chaski,Complex I,transporter,TRUE,session_25,b189
Fig_4D,EdU-positive cells per NSC clone,EdU+ cells per clone,8,ND42 X chaski,Complex I,transporter,TRUE,session_25,b189
Fig_4D,EdU-positive cells per NSC clone,EdU+ cells per clone,9,ND42 X chaski,Complex I,transporter,TRUE,session_25,b190
Fig_4D,EdU-positive cells per NSC clone,EdU+ cells per clone,6,ND42 X chaski,Complex I,transporter,TRUE,session_25,b190
Fig_4D,EdU-positive cells per NSC clone,EdU+ cells per clone,6,ND42 X chaski,Complex I,transporter,TRUE,session_25,b190
Fig_4D,EdU-positive cells per NSC clone,EdU+ cells per clone,6,ND42 X chaski,Complex I,transporter,TRUE,session_25,b190
Fig_4D,EdU-positive cells per NSC clone,EdU+ cells per clone,4,ND42 X chaski,Complex I,transporter,TRUE,session_25,b190
Fig_4D,EdU-positive cells per NSC clone,EdU+ cells per clone,7,ND42 X chaski,Complex I,transporter,TRUE,session_25,b190
Fig_4D,EdU-positive cells per NSC clone,EdU+ cells per clone,6,ND42 X chaski,Complex I,transporter,TRUE,session_25,b190
Fig_4D,EdU-positive cells per NSC clone,EdU+ cells per clone,8,ND42 X chaski,Complex I,transporter,TRUE,session_26,b191
Fig_4D,EdU-positive cells per NSC clone,EdU+ cells per clone,5,ND42 X chaski,Complex I,transporter,TRUE,session_26,b191
Fig_4D,EdU-positive cells per NSC clone,EdU+ cells per clone,4,ND42 X chaski,Complex I,transporter,TRUE,session_26,b191
Fig_4D,EdU-positive cells per NSC clone,EdU+ cells per clone,4,ND42 X chaski,Complex I,transporter,TRUE,session_26,b191
Fig_4D,EdU-positive cells per NSC clone,EdU+ cells per clone,8,ND42 X kcc,Complex I,transporter,TRUE,session_25,b192
Fig_4D,EdU-positive cells per NSC clone,EdU+ cells per clone,4,ND42 X kcc,Complex I,transporter,TRUE,session_25,b192
Fig_4D,EdU-positive cells per NSC clone,EdU+ cells per clone,6,ND42 X kcc,Complex I,transporter,TRUE,session_25,b192
Fig_4D,EdU-positive cells per NSC clone,EdU+ cells per clone,4,ND42 X kcc,Complex I,transporter,TRUE,session_25,b192
Fig_4D,EdU-positive cells per NSC clone,EdU+ cells per clone,6,ND42 X kcc,Complex I,transporter,TRUE,session_25,b192
Fig_4D,EdU-positive cells per NSC clone,EdU+ cells per clone,7,ND42 X kcc,Complex I,transporter,TRUE,session_25,b193
Fig_4D,EdU-positive cells per NSC clone,EdU+ cells per clone,8,ND42 X kcc,Complex I,transporter,TRUE,session_25,b193
Fig_4D,EdU-positive cells per NSC clone,EdU+ cells per clone,4,ND42 X kcc,Complex I,transporter,TRUE,session_25,b193
Fig_4D,EdU-positive cells per NSC clone,EdU+ cells per clone,8,ND42 X kcc,Complex I,transporter,TRUE,session_25,b193
Fig_4D,EdU-positive cells per NSC clone,EdU+ cells per clone,8,ND42 X kcc,Complex I,transporter,TRUE,session_26,b194
Fig_4D,EdU-positive cells per NSC clone,EdU+ cells per clone,6,ND42 X kcc,Complex I,transporter,TRUE,session_26,b194
Fig_4D,EdU-positive cells per NSC clone,EdU+ cells per clone,6,ND42 X kcc,Complex I,transporter,TRUE,session_26,b194
Fig_4D,EdU-positive cells per NSC clone,EdU+ cells per clone,8,ND42 X kcc,Complex I,transporter,TRUE,session_26,b194
Fig_4D,EdU-positive cells per NSC clone,EdU+ cells per clone,4,ND42 X kcc,Complex I,transporter,TRUE,session_26,b194
Fig_4D,EdU-positive cells per NSC clone,EdU+ cells per clone,6,ND42 X kcc,Complex I,transporter,TRUE,session_26,b194
Fig_4D,EdU-positive cells per NSC clone,EdU+ cells per clone,5,ND42 X kcc,Complex I,transporter,TRUE,session_26,b194
Fig_4D,EdU-positive cells per NSC clone,EdU+ cells per clone,7,ND42 X kcc,Complex I,transporter,TRUE,session_26,b195
Fig_4D,EdU-positive cells per NSC clone,EdU+ cells per clone,7,ND42 X kcc,Complex I,transporter,TRUE,session_26,b195
Fig_4D,EdU-positive cells per NSC clone,EdU+ cells per clone,5,ND42 X kcc,Complex I,transporter,TRUE,session_26,b195
Fig_4D,EdU-positive cells per NSC clone,EdU+ cells per clone,7,ND42 X kcc,Complex I,transporter,TRUE,session_26,b195
Fig_4D,EdU-positive cells per NSC clone,EdU+ cells per clone,7,ND42 X kcc,Complex I,transporter,TRUE,session_26,b195
Fig_4D,EdU-positive cells per NSC clone,EdU+ cells per clone,5,ND42 X kcc,Complex I,transporter,TRUE,session_26,b196
Fig_4D,EdU-positive cells per NSC clone,EdU+ cells per clone,9,ND42 X kcc,Complex I,transporter,TRUE,session_26,b196
Fig_4D,EdU-positive cells per NSC clone,EdU+ cells per clone,8,ND42 X kcc,Complex I,transporter,TRUE,session_26,b196
Fig_4D,EdU-positive cells per NSC clone,EdU+ cells per clone,4,ND42 X CD98hc,Complex I,transporter,TRUE,session_09,b197
Fig_4D,EdU-positive cells per NSC clone,EdU+ cells per clone,4,ND42 X CD98hc,Complex I,transporter,TRUE,session_09,b197
Fig_4D,EdU-positive cells per NSC clone,EdU+ cells per clone,4,ND42 X CD98hc,Complex I,transporter,TRUE,session_09,b197
Fig_4D,EdU-positive cells per NSC clone,EdU+ cells per clone,3,ND42 X CD98hc,Complex I,transporter,TRUE,session_09,b198
Fig_4D,EdU-positive cells per NSC clone,EdU+ cells per clone,8,ND42 X out,Complex I,transporter,TRUE,session_27,b199
Fig_4D,EdU-positive cells per NSC clone,EdU+ cells per clone,8,ND42 X out,Complex I,transporter,TRUE,session_27,b199
Fig_4D,EdU-positive cells per NSC clone,EdU+ cells per clone,8,ND42 X out,Complex I,transporter,TRUE,session_27,b199
Fig_4D,EdU-positive cells per NSC clone,EdU+ cells per clone,8,ND42 X out,Complex I,transporter,TRUE,session_27,b199
Fig_4D,EdU-positive cells per NSC clone,EdU+ cells per clone,7,ND42 X out,Complex I,transporter,TRUE,session_27,b199
Fig_4D,EdU-positive cells per NSC clone,EdU+ cells per clone,7,ND42 X out,Complex I,transporter,TRUE,session_27,b200
Fig_4D,EdU-positive cells per NSC clone,EdU+ cells per clone,7,ND42 X out,Complex I,transporter,TRUE,session_27,b200
Fig_4D,EdU-positive cells per NSC clone,EdU+ cells per clone,6,ND42 X out,Complex I,transporter,TRUE,session_27,b200
Fig_4D,EdU-positive cells per NSC clone,EdU+ cells per clone,7,ND42 X out,Complex I,transporter,TRUE,session_27,b200
Fig_4D,EdU-positive cells per NSC clone,EdU+ cells per clone,7,ND42 X out,Complex I,transporter,TRUE,session_27,b200
Fig_4D,EdU-positive cells per NSC clone,EdU+ cells per clone,6,ND42 X out,Complex I,transporter,TRUE,session_27,b200
Fig_4D,EdU-positive cells per NSC clone,EdU+ cells per clone,6,ND42 X out,Complex I,transporter,TRUE,session_27,b201
Fig_4D,EdU-positive cells per NSC clone,EdU+ cells per clone,7,ND42 X out,Complex I,transporter,TRUE,session_27,b201
Fig_4D,EdU-positive cells per NSC clone,EdU+ cells per clone,7,ND42 X out,Complex I,transporter,TRUE,session_27,b201
Fig_4D,EdU-positive cells per NSC clone,EdU+ cells per clone,7,ND42 X out,Complex I,transporter,TRUE,session_27,b201
Fig_4D,EdU-positive cells per NSC clone,EdU+ cells per clone,6,ND42 X out,Complex I,transporter,TRUE,session_27,b201
Fig_4D,EdU-positive cells per NSC clone,EdU+ cells per clone,9,ND42 X out,Complex I,transporter,TRUE,session_27,b201
Fig_4D,EdU-positive cells per NSC clone,EdU+ cells per clone,9,ND42 X out,Complex I,transporter,TRUE,session_27,b201
Fig_4D,EdU-positive cells per NSC clone,EdU+ cells per clone,6,ND42 X out,Complex I,transporter,TRUE,session_27,b201
Fig_4D,EdU-positive cells per NSC clone,EdU+ cells per clone,8,ND42 X out,Complex I,transporter,TRUE,session_27,b201
Fig_4D,EdU-positive cells per NSC clone,EdU+ cells per clone,6,ND42 X out,Complex I,transporter,TRUE,session_27,b201
Fig_4D,EdU-positive cells per NSC clone,EdU+ cells per clone,8,ND42 X out,Complex I,transporter,TRUE,session_27,b202
Fig_4D,EdU-positive cells per NSC clone,EdU+ cells per clone,9,ND42 X out,Complex I,transporter,TRUE,session_27,b202
Fig_4D,EdU-positive cells per NSC clone,EdU+ cells per clone,7,ND42 X out,Complex I,transporter,TRUE,session_27,b202
Fig_4D,EdU-positive cells per NSC clone,EdU+ cells per clone,7,ND42 X out,Complex I,transporter,TRUE,session_27,b202
Fig_4D,EdU-positive cells per NSC clone,EdU+ cells per clone,6,ND42 X out,Complex I,transporter,TRUE,session_27,b203
Fig_4D,EdU-positive cells per NSC clone,EdU+ cells per clone,8,ND42 X out,Complex I,transporter,TRUE,session_27,b203
Fig_4D,EdU-positive cells per NSC clone,EdU+ cells per clone,6,ND42 X out,Complex I,transporter,TRUE,session_27,b203
Fig_4D,EdU-positive cells per NSC clone,EdU+ cells per clone,8,ND42 X out,Complex I,transporter,TRUE,session_27,b203
Fig_4D,EdU-positive cells per NSC clone,EdU+ cells per clone,4,ND42 X out,Complex I,transporter,TRUE,session_27,b203
Fig_4D,EdU-positive cells per NSC clone,EdU+ cells per clone,6,ND42 X out,Complex I,transporter,TRUE,session_27,b203
Fig_4D,EdU-positive cells per NSC clone,EdU+ cells per clone,6,ND42 X out,Complex I,transporter,TRUE,session_27,b203
Fig_4D,EdU-positive cells per NSC clone,EdU+ cells per clone,10,ND42 X out,Complex I,transporter,TRUE,session_27,b203
Fig_4D,EdU-positive cells per NSC clone,EdU+ cells per clone,9,ND42 X out,Complex I,transporter,TRUE,session_27,b204
Fig_4D,EdU-positive cells per NSC clone,EdU+ cells per clone,9,ND42 X out,Complex I,transporter,TRUE,session_27,b204
Fig_4D,EdU-positive cells per NSC clone,EdU+ cells per clone,8,ND42 X out,Complex I,transporter,TRUE,session_27,b204
Fig_4D,EdU-positive cells per NSC clone,EdU+ cells per clone,7,ND42 X out,Complex I,transporter,TRUE,session_27,b204
Fig_4D,EdU-positive cells per NSC clone,EdU+ cells per clone,10,ND42 X out,Complex I,transporter,TRUE,session_27,b204
Fig_4D,EdU-positive cells per NSC clone,EdU+ cells per clone,10,ND42 X out,Complex I,transporter,TRUE,session_27,b204
Fig_4D,EdU-positive cells per NSC clone,EdU+ cells per clone,6,ND42 X out,Complex I,transporter,TRUE,session_27,b204
Fig_4D,EdU-positive cells per NSC clone,EdU+ cells per clone,6,ND42 X hrm,Complex I,transporter,TRUE,session_28,b205
Fig_4D,EdU-positive cells per NSC clone,EdU+ cells per clone,7,ND42 X hrm,Complex I,transporter,TRUE,session_28,b205
Fig_4D,EdU-positive cells per NSC clone,EdU+ cells per clone,5,ND42 X hrm,Complex I,transporter,TRUE,session_28,b205
Fig_4D,EdU-positive cells per NSC clone,EdU+ cells per clone,6,ND42 X hrm,Complex I,transporter,TRUE,session_28,b205
Fig_4D,EdU-positive cells per NSC clone,EdU+ cells per clone,7,ND42 X hrm,Complex I,transporter,TRUE,session_28,b206
Fig_4D,EdU-positive cells per NSC clone,EdU+ cells per clone,7,ND42 X hrm,Complex I,transporter,TRUE,session_28,b206
Fig_4D,EdU-positive cells per NSC clone,EdU+ cells per clone,9,ND42 X hrm,Complex I,transporter,TRUE,session_28,b206
Fig_4D,EdU-positive cells per NSC clone,EdU+ cells per clone,7,ND42 X hrm,Complex I,transporter,TRUE,session_28,b206
Fig_4D,EdU-positive cells per NSC clone,EdU+ cells per clone,10,ND42 X hrm,Complex I,transporter,TRUE,session_28,b206
Fig_4D,EdU-positive cells per NSC clone,EdU+ cells per clone,9,ND42 X CG4476 BLOOMINGTON,Complex I,transporter,TRUE,session_29,b207
Fig_4D,EdU-positive cells per NSC clone,EdU+ cells per clone,8,ND42 X CG4476 BLOOMINGTON,Complex I,transporter,TRUE,session_29,b207
Fig_4D,EdU-positive cells per NSC clone,EdU+ cells per clone,9,ND42 X CG4476 BLOOMINGTON,Complex I,transporter,TRUE,session_29,b207
Fig_4D,EdU-positive cells per NSC clone,EdU+ cells per clone,9,ND42 X CG4476 BLOOMINGTON,Complex I,transporter,TRUE,session_29,b207
Fig_4D,EdU-positive cells per NSC clone,EdU+ cells per clone,9,ND42 X CG4476 BLOOMINGTON,Complex I,transporter,TRUE,session_29,b207
Fig_4D,EdU-positive cells per NSC clone,EdU+ cells per clone,8,ND42 X CG4476 BLOOMINGTON,Complex I,transporter,TRUE,session_29,b207
Fig_4D,EdU-positive cells per NSC clone,EdU+ cells per clone,9,ND42 X CG4476 BLOOMINGTON,Complex I,transporter,TRUE,session_29,b208
Fig_4D,EdU-positive cells per NSC clone,EdU+ cells per clone,11,ND42 X CG4476 BLOOMINGTON,Complex I,transporter,TRUE,session_29,b208
Fig_4D,EdU-positive cells per NSC clone,EdU+ cells per clone,8,ND42 X CG4476 BLOOMINGTON,Complex I,transporter,TRUE,session_29,b208
Fig_4D,EdU-positive cells per NSC clone,EdU+ cells per clone,8,ND42 X CG4476 BLOOMINGTON,Complex I,transporter,TRUE,session_29,b208
Fig_4D,EdU-positive cells per NSC clone,EdU+ cells per clone,8,ND42 X CG4476 BLOOMINGTON,Complex I,transporter,TRUE,session_29,b208
Fig_4D,EdU-positive cells per NSC clone,EdU+ cells per clone,8,ND42 X CG4476 BLOOMINGTON,Complex I,transporter,TRUE,session_29,b209
Fig_4D,EdU-positive cells per NSC clone,EdU+ cells per clone,9,ND42 X CG4476 BLOOMINGTON,Complex I,transporter,TRUE,session_29,b210
Fig_4D,EdU-positive cells per NSC clone,EdU+ cells per clone,6,ND42 X CG4476 BLOOMINGTON,Complex I,transporter,TRUE,session_29,b210
Fig_4D,EdU-positive cells per NSC clone,EdU+ cells per clone,10,ND42 X CG4476 BLOOMINGTON,Complex I,transporter,TRUE,session_29,b210
Fig_4D,EdU-positive cells per NSC clone,EdU+ cells per clone,5,ND42 X CG4476 BLOOMINGTON,Complex I,transporter,TRUE,session_29,b210
Fig_4D,EdU-positive cells per NSC clone,EdU+ cells per clone,7,ND42 X CG4476 BLOOMINGTON,Complex I,transporter,TRUE,session_29,b210
Fig_4L,EdU-positive cells per NSC clone,EdU+ cells per clone,8,ND42 X mAcon1,Complex I,enzyme,TRUE,session_30,b211
Fig_4L,EdU-positive cells per NSC clone,EdU+ cells per clone,9,ND42 X mAcon1,Complex I,enzyme,TRUE,session_30,b211
Fig_4L,EdU-positive cells per NSC clone,EdU+ cells per clone,10,ND42 X mAcon1,Complex I,enzyme,TRUE,session_30,b211
Fig_4L,EdU-positive cells per NSC clone,EdU+ cells per clone,11,ND42 X mAcon1,Complex I,enzyme,TRUE,session_30,b211
Fig_4L,EdU-positive cells per NSC clone,EdU+ cells per clone,8,ND42 X mAcon1,Complex I,enzyme,TRUE,session_30,b211
Fig_4L,EdU-positive cells per NSC clone,EdU+ cells per clone,6,ND42 X mAcon1,Complex I,enzyme,TRUE,session_30,b211
Fig_4L,EdU-positive cells per NSC clone,EdU+ cells per clone,8,ND42 X mAcon1,Complex I,enzyme,TRUE,session_30,b211
Fig_4L,EdU-positive cells per NSC clone,EdU+ cells per clone,10,ND42 X mAcon1,Complex I,enzyme,TRUE,session_30,b212
Fig_4L,EdU-positive cells per NSC clone,EdU+ cells per clone,10,ND42 X mAcon1,Complex I,enzyme,TRUE,session_30,b212
Fig_4L,EdU-positive cells per NSC clone,EdU+ cells per clone,10,ND42 X mAcon1,Complex I,enzyme,TRUE,session_30,b212
Fig_4L,EdU-positive cells per NSC clone,EdU+ cells per clone,6,ND42 X mAcon1,Complex I,enzyme,TRUE,session_30,b212
Fig_4L,EdU-positive cells per NSC clone,EdU+ cells per clone,8,ND42 X mAcon1,Complex I,enzyme,TRUE,session_30,b212
Fig_4L,EdU-positive cells per NSC clone,EdU+ cells per clone,10,ND42 X mAcon1,Complex I,enzyme,TRUE,session_30,b212
Fig_4L,EdU-positive cells per NSC clone,EdU+ cells per clone,13,ND42 X mAcon1,Complex I,enzyme,TRUE,session_30,b213
Fig_4L,EdU-positive cells per NSC clone,EdU+ cells per clone,7,ND42 X mAcon1,Complex I,enzyme,TRUE,session_30,b213
Fig_4L,EdU-positive cells per NSC clone,EdU+ cells per clone,8,ND42 X mAcon1,Complex I,enzyme,TRUE,session_30,b213
Fig_4L,EdU-positive cells per NSC clone,EdU+ cells per clone,9,ND42 X mAcon1,Complex I,enzyme,TRUE,session_30,b213
Fig_4L,EdU-positive cells per NSC clone,EdU+ cells per clone,14,ND42 X mAcon1,Complex I,enzyme,TRUE,session_30,b213
Fig_4L,EdU-positive cells per NSC clone,EdU+ cells per clone,9,ND42 X mAcon1,Complex I,enzyme,TRUE,session_30,b213
Fig_4L,EdU-positive cells per NSC clone,EdU+ cells per clone,9,ND42 X mAcon1,Complex I,enzyme,TRUE,session_30,b214
Fig_4L,EdU-positive cells per NSC clone,EdU+ cells per clone,8,ND42 X mAcon1,Complex I,enzyme,TRUE,session_30,b214
Fig_4L,EdU-positive cells per NSC clone,EdU+ cells per clone,6,ND42 X Idh,Complex I,enzyme,TRUE,session_12,b215
Fig_4L,EdU-positive cells per NSC clone,EdU+ cells per clone,8,ND42 X Idh,Complex I,enzyme,TRUE,session_12,b215
Fig_4L,EdU-positive cells per NSC clone,EdU+ cells per clone,5,ND42 X Idh,Complex I,enzyme,TRUE,session_12,b215
Fig_4L,EdU-positive cells per NSC clone,EdU+ cells per clone,7,ND42 X Idh,Complex I,enzyme,TRUE,session_12,b215
Fig_4L,EdU-positive cells per NSC clone,EdU+ cells per clone,8,ND42 X Idh,Complex I,enzyme,TRUE,session_12,b215
Fig_4L,EdU-positive cells per NSC clone,EdU+ cells per clone,6,ND42 X Idh,Complex I,enzyme,TRUE,session_12,b215
Fig_4L,EdU-positive cells per NSC clone,EdU+ cells per clone,7,ND42 X Idh,Complex I,enzyme,TRUE,session_12,b216
Fig_4L,EdU-positive cells per NSC clone,EdU+ cells per clone,8,ND42 X Idh,Complex I,enzyme,TRUE,session_12,b216
Fig_4L,EdU-positive cells per NSC clone,EdU+ cells per clone,9,ND42 X SdhD,Complex I,enzyme,TRUE,session_31,b217
Fig_4L,EdU-positive cells per NSC clone,EdU+ cells per clone,10,ND42 X SdhD,Complex I,enzyme,TRUE,session_31,b218
Fig_4L,EdU-positive cells per NSC clone,EdU+ cells per clone,8,ND42 X SdhD,Complex I,enzyme,TRUE,session_31,b219
Fig_4L,EdU-positive cells per NSC clone,EdU+ cells per clone,9,ND42 X SdhD,Complex I,enzyme,TRUE,session_31,b220
Fig_4L,EdU-positive cells per NSC clone,EdU+ cells per clone,7,ND42 X SdhD,Complex I,enzyme,TRUE,session_31,b221
Fig_4L,EdU-positive cells per NSC clone,EdU+ cells per clone,6,ND42 X SdhD,Complex I,enzyme,TRUE,session_24,b222
Fig_4L,EdU-positive cells per NSC clone,EdU+ cells per clone,8,ND42 X SdhD,Complex I,enzyme,TRUE,session_24,b222
Fig_4L,EdU-positive cells per NSC clone,EdU+ cells per clone,3,ND42 X SdhD,Complex I,enzyme,TRUE,session_24,b222
Fig_4L,EdU-positive cells per NSC clone,EdU+ cells per clone,6,ND42 X SdhD,Complex I,enzyme,TRUE,session_24,b222
Fig_4L,EdU-positive cells per NSC clone,EdU+ cells per clone,6,ND42 X SdhD,Complex I,enzyme,TRUE,session_24,b222
Fig_4L,EdU-positive cells per NSC clone,EdU+ cells per clone,9,ND42 X SdhD,Complex I,enzyme,TRUE,session_24,b223
Fig_4L,EdU-positive cells per NSC clone,EdU+ cells per clone,8,ND42 X SdhD,Complex I,enzyme,TRUE,session_24,b223
Fig_4L,EdU-positive cells per NSC clone,EdU+ cells per clone,4,ND42 X SdhD,Complex I,enzyme,TRUE,session_24,b223
Fig_4L,EdU-positive cells per NSC clone,EdU+ cells per clone,5,ND42 X SdhD,Complex I,enzyme,TRUE,session_24,b223
Fig_4L,EdU-positive cells per NSC clone,EdU+ cells per clone,5,ND42 X SdhD,Complex I,enzyme,TRUE,session_24,b223
Fig_4L,EdU-positive cells per NSC clone,EdU+ cells per clone,6,ND42 X SdhD,Complex I,enzyme,TRUE,session_24,b224
Fig_4L,EdU-positive cells per NSC clone,EdU+ cells per clone,8,ND42 X SdhD,Complex I,enzyme,TRUE,session_24,b224
Fig_4L,EdU-positive cells per NSC clone,EdU+ cells per clone,8,ND42 X SdhD,Complex I,enzyme,TRUE,session_24,b224
Fig_4L,EdU-positive cells per NSC clone,EdU+ cells per clone,7,ND42 X SdhD,Complex I,enzyme,TRUE,session_24,b224
Fig_4L,EdU-positive cells per NSC clone,EdU+ cells per clone,8,ND42 X SdhD,Complex I,enzyme,TRUE,session_06,b225
Fig_4L,EdU-positive cells per NSC clone,EdU+ cells per clone,7,ND42 X SdhD,Complex I,enzyme,TRUE,session_06,b225
Fig_4L,EdU-positive cells per NSC clone,EdU+ cells per clone,7,ND42 X SdhD,Complex I,enzyme,TRUE,session_06,b225
Fig_4L,EdU-positive cells per NSC clone,EdU+ cells per clone,8,ND42 X SdhD,Complex I,enzyme,TRUE,session_06,b225
Fig_4L,EdU-positive cells per NSC clone,EdU+ cells per clone,5,ND42 X SdhD,Complex I,enzyme,TRUE,session_06,b225
Fig_4L,EdU-positive cells per NSC clone,EdU+ cells per clone,7,ND42 X SdhD,Complex I,enzyme,TRUE,session_06,b225
Fig_4L,EdU-positive cells per NSC clone,EdU+ cells per clone,8,ND42 X SdhD,Complex I,enzyme,TRUE,session_06,b225
Fig_4L,EdU-positive cells per NSC clone,EdU+ cells per clone,8,ND42 X SdhD,Complex I,enzyme,TRUE,session_06,b226
Fig_4L,EdU-positive cells per NSC clone,EdU+ cells per clone,5,ND42 X SdhD,Complex I,enzyme,TRUE,session_06,b226
Fig_4L,EdU-positive cells per NSC clone,EdU+ cells per clone,6,ND42 X SdhD,Complex I,enzyme,TRUE,session_06,b226
Fig_4L,EdU-positive cells per NSC clone,EdU+ cells per clone,6,ND42 X SdhD,Complex I,enzyme,TRUE,session_06,b227
Fig_4L,EdU-positive cells per NSC clone,EdU+ cells per clone,8,ND42 X SdhD,Complex I,enzyme,TRUE,session_06,b227
Fig_4L,EdU-positive cells per NSC clone,EdU+ cells per clone,10,ND42 X SdhD,Complex I,enzyme,TRUE,session_06,b228
Fig_4L,EdU-positive cells per NSC clone,EdU+ cells per clone,7,ND42 X SdhD,Complex I,enzyme,TRUE,session_06,b228
Fig_4L,EdU-positive cells per NSC clone,EdU+ cells per clone,7,ND42 X SdhD,Complex I,enzyme,TRUE,session_06,b228
Fig_4L,EdU-positive cells per NSC clone,EdU+ cells per clone,9,ND42 X SdhD,Complex I,enzyme,TRUE,session_06,b228
Fig_4L,EdU-positive cells per NSC clone,EdU+ cells per clone,5,ND42 X SdhD,Complex I,enzyme,TRUE,session_06,b228
Fig_4L,EdU-positive cells per NSC clone,EdU+ cells per clone,9,ND42 X SdhD,Complex I,enzyme,TRUE,session_06,b229
Fig_4L,EdU-positive cells per NSC clone,EdU+ cells per clone,5,ND42 X SdhD,Complex I,enzyme,TRUE,session_06,b229
Fig_4L,EdU-positive cells per NSC clone,EdU+ cells per clone,5,ND42 X SdhD,Complex I,enzyme,TRUE,session_06,b229
Fig_4L,EdU-positive cells per NSC clone,EdU+ cells per clone,5,ND42 X SdhD,Complex I,enzyme,TRUE,session_06,b229
Fig_4L,EdU-positive cells per NSC clone,EdU+ cells per clone,4,ND42 X SdhD,Complex I,enzyme,TRUE,session_06,b229
Fig_4L,EdU-positive cells per NSC clone,EdU+ cells per clone,9,ND42 X SdhD,Complex I,enzyme,TRUE,session_06,b230
Fig_4L,EdU-positive cells per NSC clone,EdU+ cells per clone,5,ND42 X SdhD,Complex I,enzyme,TRUE,session_06,b230
Fig_4L,EdU-positive cells per NSC clone,EdU+ cells per clone,6,ND42 X SdhD,Complex I,enzyme,TRUE,session_06,b230
Fig_4L,EdU-positive cells per NSC clone,EdU+ cells per clone,7,ND42 X SdhD,Complex I,enzyme,TRUE,session_06,b230
Fig_4L,EdU-positive cells per NSC clone,EdU+ cells per clone,7,ND42 X SdhD,Complex I,enzyme,TRUE,session_06,b230
Fig_4L,EdU-positive cells per NSC clone,EdU+ cells per clone,5,ND42 X SdhD,Complex I,enzyme,TRUE,session_06,b230
Fig_4L,EdU-positive cells per NSC clone,EdU+ cells per clone,7,ND42 X SdhD,Complex I,enzyme,TRUE,session_06,b230
Fig_4L,EdU-positive cells per NSC clone,EdU+ cells per clone,7,ND42 X SdhD,Complex I,enzyme,TRUE,session_06,b231
Fig_4L,EdU-positive cells per NSC clone,EdU+ cells per clone,6,ND42 X SdhD,Complex I,enzyme,TRUE,session_06,b231
Fig_4L,EdU-positive cells per NSC clone,EdU+ cells per clone,6,ND42 X SdhD,Complex I,enzyme,TRUE,session_06,b231
Fig_4L,EdU-positive cells per NSC clone,EdU+ cells per clone,7,ND42 X SdhD,Complex I,enzyme,TRUE,session_06,b231
Fig_4L,EdU-positive cells per NSC clone,EdU+ cells per clone,6,ND42 X Mdh1,Complex I,enzyme,TRUE,session_32,b232
Fig_4L,EdU-positive cells per NSC clone,EdU+ cells per clone,4,ND42 X Mdh1,Complex I,enzyme,TRUE,session_32,b232
Fig_4L,EdU-positive cells per NSC clone,EdU+ cells per clone,5,ND42 X Mdh1,Complex I,enzyme,TRUE,session_32,b232
Fig_4L,EdU-positive cells per NSC clone,EdU+ cells per clone,3,ND42 X Mdh1,Complex I,enzyme,TRUE,session_32,b232
Fig_4L,EdU-positive cells per NSC clone,EdU+ cells per clone,7,ND42 X Mdh1,Complex I,enzyme,TRUE,session_32,b233
Fig_4L,EdU-positive cells per NSC clone,EdU+ cells per clone,6,ND42 X Mdh1,Complex I,enzyme,TRUE,session_32,b233
Fig_4L,EdU-positive cells per NSC clone,EdU+ cells per clone,6,ND42 X Mdh1,Complex I,enzyme,TRUE,session_32,b233
Fig_4L,EdU-positive cells per NSC clone,EdU+ cells per clone,5,ND42 X Mdh1,Complex I,enzyme,TRUE,session_32,b233
Fig_4L,EdU-positive cells per NSC clone,EdU+ cells per clone,6,ND42 X Mdh1,Complex I,enzyme,TRUE,session_32,b233
Fig_4L,EdU-positive cells per NSC clone,EdU+ cells per clone,6,ND42 X Mdh1,Complex I,enzyme,TRUE,session_32,b233
Fig_4L,EdU-positive cells per NSC clone,EdU+ cells per clone,4,ND42 X Mdh1,Complex I,enzyme,TRUE,session_32,b233
Fig_4L,EdU-positive cells per NSC clone,EdU+ cells per clone,8,ND42 X Mdh1,Complex I,enzyme,TRUE,session_32,b233
Fig_4L,EdU-positive cells per NSC clone,EdU+ cells per clone,7,ND42 X Mdh1,Complex I,enzyme,TRUE,session_33,b234
Fig_4L,EdU-positive cells per NSC clone,EdU+ cells per clone,3,ND42 X Mdh1,Complex I,enzyme,TRUE,session_33,b234
Fig_4L,EdU-positive cells per NSC clone,EdU+ cells per clone,6,ND42 X Mdh1,Complex I,enzyme,TRUE,session_33,b234
Fig_4L,EdU-positive cells per NSC clone,EdU+ cells per clone,7,ND42 X Mdh1,Complex I,enzyme,TRUE,session_33,b234
Fig_4L,EdU-positive cells per NSC clone,EdU+ cells per clone,4,ND42 X Mdh1,Complex I,enzyme,TRUE,session_33,b234
Fig_4L,EdU-positive cells per NSC clone,EdU+ cells per clone,8,ND42 X Mdh2,Complex I,enzyme,TRUE,session_26,b235
Fig_4L,EdU-positive cells per NSC clone,EdU+ cells per clone,9,ND42 X Mdh2,Complex I,enzyme,TRUE,session_26,b235
Fig_4L,EdU-positive cells per NSC clone,EdU+ cells per clone,6,ND42 X Mdh2,Complex I,enzyme,TRUE,session_26,b235
Fig_4L,EdU-positive cells per NSC clone,EdU+ cells per clone,4,ND42 X Mdh2,Complex I,enzyme,TRUE,session_32,b236
Fig_4L,EdU-positive cells per NSC clone,EdU+ cells per clone,8,ND42 X Mdh2,Complex I,enzyme,TRUE,session_32,b236
Fig_4L,EdU-positive cells per NSC clone,EdU+ cells per clone,4,ND42 X Mdh2,Complex I,enzyme,TRUE,session_32,b236
Fig_4L,EdU-positive cells per NSC clone,EdU+ cells per clone,4,ND42 X Mdh2,Complex I,enzyme,TRUE,session_32,b236
Fig_4L,EdU-positive cells per NSC clone,EdU+ cells per clone,4,ND42 X Mdh2,Complex I,enzyme,TRUE,session_32,b236
Fig_4L,EdU-positive cells per NSC clone,EdU+ cells per clone,9,ND42 X ALT,Complex I,enzyme,TRUE,session_34,b237
Fig_4L,EdU-positive cells per NSC clone,EdU+ cells per clone,8,ND42 X ALT,Complex I,enzyme,TRUE,session_34,b237
Fig_4L,EdU-positive cells per NSC clone,EdU+ cells per clone,6,ND42 X ALT,Complex I,enzyme,TRUE,session_34,b237
Fig_4L,EdU-positive cells per NSC clone,EdU+ cells per clone,6,ND42 X ALT,Complex I,enzyme,TRUE,session_34,b237
Fig_4L,EdU-positive cells per NSC clone,EdU+ cells per clone,6,ND42 X ALT,Complex I,enzyme,TRUE,session_34,b237
Fig_4L,EdU-positive cells per NSC clone,EdU+ cells per clone,5,ND42 X ALT,Complex I,enzyme,TRUE,session_34,b237
Fig_4L,EdU-positive cells per NSC clone,EdU+ cells per clone,11,ND42 X ALT,Complex I,enzyme,TRUE,session_34,b238
Fig_4L,EdU-positive cells per NSC clone,EdU+ cells per clone,7,ND42 X ALT,Complex I,enzyme,TRUE,session_34,b238
Fig_4L,EdU-positive cells per NSC clone,EdU+ cells per clone,9,ND42 X ALT,Complex I,enzyme,TRUE,session_34,b238
Fig_4L,EdU-positive cells per NSC clone,EdU+ cells per clone,6,ND42 X ALT,Complex I,enzyme,TRUE,session_34,b239
Fig_4L,EdU-positive cells per NSC clone,EdU+ cells per clone,6,ND42 X ALT,Complex I,enzyme,TRUE,session_34,b239
Fig_4L,EdU-positive cells per NSC clone,EdU+ cells per clone,6,ND42 X ALT,Complex I,enzyme,TRUE,session_34,b239
Fig_4L,EdU-positive cells per NSC clone,EdU+ cells per clone,5,ND42 X ALT,Complex I,enzyme,TRUE,session_34,b239
Fig_4L,EdU-positive cells per NSC clone,EdU+ cells per clone,8,ND42 X ATPCL,Complex I,enzyme,TRUE,session_35,b240
Fig_4L,EdU-positive cells per NSC clone,EdU+ cells per clone,4,ND42 X ATPCL,Complex I,enzyme,TRUE,session_35,b240
Fig_4L,EdU-positive cells per NSC clone,EdU+ cells per clone,6,ND42 X ATPCL,Complex I,enzyme,TRUE,session_35,b240
Fig_4L,EdU-positive cells per NSC clone,EdU+ cells per clone,6,ND42 X ATPCL,Complex I,enzyme,TRUE,session_35,b241
Fig_4L,EdU-positive cells per NSC clone,EdU+ cells per clone,5,ND42 X ATPCL,Complex I,enzyme,TRUE,session_35,b241
Fig_4L,EdU-positive cells per NSC clone,EdU+ cells per clone,3,ND42 X ATPCL,Complex I,enzyme,TRUE,session_35,b241
Fig_4L,EdU-positive cells per NSC clone,EdU+ cells per clone,5,ND42 X ATPCL,Complex I,enzyme,TRUE,session_35,b241
Fig_4L,EdU-positive cells per NSC clone,EdU+ cells per clone,6,ND42 X ATPCL,Complex I,enzyme,TRUE,session_35,b241
Fig_4L,EdU-positive cells per NSC clone,EdU+ cells per clone,6,ND42 X ATPCL,Complex I,enzyme,TRUE,undated,b242
Fig_4L,EdU-positive cells per NSC clone,EdU+ cells per clone,8,ND42 X PyK,Complex I,enzyme,TRUE,session_33,b243
Fig_4L,EdU-positive cells per NSC clone,EdU+ cells per clone,9,ND42 X PyK,Complex I,enzyme,TRUE,session_33,b243
Fig_4L,EdU-positive cells per NSC clone,EdU+ cells per clone,7,ND42 X PyK,Complex I,enzyme,TRUE,session_33,b243
Fig_4L,EdU-positive cells per NSC clone,EdU+ cells per clone,9,ND42 X PyK,Complex I,enzyme,TRUE,session_33,b243
Fig_4L,EdU-positive cells per NSC clone,EdU+ cells per clone,4,ND42 X PyK,Complex I,enzyme,TRUE,session_33,b244
Fig_4L,EdU-positive cells per NSC clone,EdU+ cells per clone,4,ND42 X PyK,Complex I,enzyme,TRUE,session_33,b244
Fig_4L,EdU-positive cells per NSC clone,EdU+ cells per clone,8,ND42 X PyK,Complex I,enzyme,TRUE,session_33,b245
Fig_4L,EdU-positive cells per NSC clone,EdU+ cells per clone,6,ND42 X PyK,Complex I,enzyme,TRUE,session_33,b245
Fig_4L,EdU-positive cells per NSC clone,EdU+ cells per clone,7,ND42 X PyK,Complex I,enzyme,TRUE,session_33,b245
Fig_4L,EdU-positive cells per NSC clone,EdU+ cells per clone,9,ND42 X PyK,Complex I,enzyme,TRUE,session_33,b245
Fig_4L,EdU-positive cells per NSC clone,EdU+ cells per clone,10,ND42 X PyK,Complex I,enzyme,TRUE,session_33,b245
Fig_4L,EdU-positive cells per NSC clone,EdU+ cells per clone,4,ND42 X PyK,Complex I,enzyme,TRUE,session_33,b245
Fig_4L,EdU-positive cells per NSC clone,EdU+ cells per clone,8,ND42 X PyK,Complex I,enzyme,TRUE,session_33,b246
Fig_4L,EdU-positive cells per NSC clone,EdU+ cells per clone,5,ND42 X PyK,Complex I,enzyme,TRUE,session_33,b246
Fig_4L,EdU-positive cells per NSC clone,EdU+ cells per clone,6,ND42 X PyK,Complex I,enzyme,TRUE,session_33,b246
Fig_4L,EdU-positive cells per NSC clone,EdU+ cells per clone,7,ND42 X PyK,Complex I,enzyme,TRUE,session_32,b247
Fig_4L,EdU-positive cells per NSC clone,EdU+ cells per clone,7,ND42 X PyK,Complex I,enzyme,TRUE,session_32,b247
Fig_4L,EdU-positive cells per NSC clone,EdU+ cells per clone,7,ND42 X PyK,Complex I,enzyme,TRUE,session_32,b247
Fig_4L,EdU-positive cells per NSC clone,EdU+ cells per clone,7,ND42 X PyK,Complex I,enzyme,TRUE,session_32,b247
Fig_4L,EdU-positive cells per NSC clone,EdU+ cells per clone,6,ND42 X PyK,Complex I,enzyme,TRUE,session_32,b247
Fig_4L,EdU-positive cells per NSC clone,EdU+ cells per clone,7,ND42 X PyK,Complex I,enzyme,TRUE,session_32,b248
Fig_4L,EdU-positive cells per NSC clone,EdU+ cells per clone,6,ND42 X PyK,Complex I,enzyme,TRUE,session_32,b248
Fig_4L,EdU-positive cells per NSC clone,EdU+ cells per clone,4,ND42 X PyK,Complex I,enzyme,TRUE,session_32,b249
Fig_4L,EdU-positive cells per NSC clone,EdU+ cells per clone,3,ND42 X PyK,Complex I,enzyme,TRUE,session_32,b249
Fig_5E,EdU-positive cells per NSC clone,EdU+ cells per clone,7,LDH x nd42,Complex I,enzyme,FALSE,undated,b250
Fig_5E,EdU-positive cells per NSC clone,EdU+ cells per clone,5,LDH x nd42,Complex I,enzyme,FALSE,undated,b250
Fig_5E,EdU-positive cells per NSC clone,EdU+ cells per clone,5,LDH x nd42,Complex I,enzyme,FALSE,undated,b250
Fig_5E,EdU-positive cells per NSC clone,EdU+ cells per clone,5,LDH x nd42,Complex I,enzyme,FALSE,undated,b250
Fig_5E,EdU-positive cells per NSC clone,EdU+ cells per clone,4,LDH x nd42,Complex I,enzyme,FALSE,undated,b250
Fig_5E,EdU-positive cells per NSC clone,EdU+ cells per clone,4,LDH x nd42,Complex I,enzyme,FALSE,undated,b250
Fig_5E,EdU-positive cells per NSC clone,EdU+ cells per clone,5,LDH x nd42,Complex I,enzyme,FALSE,undated,b250
Fig_5E,EdU-positive cells per NSC clone,EdU+ cells per clone,5,LDH x nd42,Complex I,enzyme,FALSE,undated,b251
Fig_5E,EdU-positive cells per NSC clone,EdU+ cells per clone,8,LDH x nd42,Complex I,enzyme,FALSE,undated,b252
Fig_5E,EdU-positive cells per NSC clone,EdU+ cells per clone,4,LDH x nd42,Complex I,enzyme,FALSE,undated,b252
Fig_5E,EdU-positive cells per NSC clone,EdU+ cells per clone,5,LDH x nd42,Complex I,enzyme,FALSE,undated,b252
Fig_5E,EdU-positive cells per NSC clone,EdU+ cells per clone,3,LDH x nd42,Complex I,enzyme,FALSE,undated,b252
Fig_5E,EdU-positive cells per NSC clone,EdU+ cells per clone,5,LDH x nd42,Complex I,enzyme,FALSE,undated,b252
Fig_5E,EdU-positive cells per NSC clone,EdU+ cells per clone,4,LDH x nd42,Complex I,enzyme,FALSE,session_36,b253
Fig_5E,EdU-positive cells per NSC clone,EdU+ cells per clone,6,LDH x nd42,Complex I,enzyme,FALSE,session_36,b253
Fig_5E,EdU-positive cells per NSC clone,EdU+ cells per clone,7,LDH x nd42,Complex I,enzyme,FALSE,session_13,b254
Fig_5E,EdU-positive cells per NSC clone,EdU+ cells per clone,4,LDH x nd42,Complex I,enzyme,FALSE,session_13,b254
Fig_5E,EdU-positive cells per NSC clone,EdU+ cells per clone,5,LDH x nd42,Complex I,enzyme,FALSE,session_13,b254
Fig_5E,EdU-positive cells per NSC clone,EdU+ cells per clone,6,LDH x nd42,Complex I,enzyme,FALSE,session_13,b254
Fig_5E,EdU-positive cells per NSC clone,EdU+ cells per clone,6,LDH x nd42,Complex I,enzyme,FALSE,session_13,b254
Fig_5E,EdU-positive cells per NSC clone,EdU+ cells per clone,6,LDH x nd42,Complex I,enzyme,FALSE,session_13,b254
Fig_5E,EdU-positive cells per NSC clone,EdU+ cells per clone,7,LDH x nd42,Complex I,enzyme,FALSE,undated,b255
Fig_5E,EdU-positive cells per NSC clone,EdU+ cells per clone,8,LDH x nd42,Complex I,enzyme,FALSE,undated,b255
Fig_5E,EdU-positive cells per NSC clone,EdU+ cells per clone,4,LDH x nd42,Complex I,enzyme,FALSE,undated,b255
Fig_5E,EdU-positive cells per NSC clone,EdU+ cells per clone,2,LDH x nd42,Complex I,enzyme,FALSE,undated,b255
Fig_5E,EdU-positive cells per NSC clone,EdU+ cells per clone,7,LDH x nd42,Complex I,enzyme,FALSE,undated,b255
Fig_5E,EdU-positive cells per NSC clone,EdU+ cells per clone,4,LDH x nd42,Complex I,enzyme,FALSE,undated,b255
Fig_5E,EdU-positive cells per NSC clone,EdU+ cells per clone,4,LDH x nd42,Complex I,enzyme,FALSE,session_14,b256
Fig_5E,EdU-positive cells per NSC clone,EdU+ cells per clone,7,LDH x nd42,Complex I,enzyme,FALSE,session_14,b256
Fig_5E,EdU-positive cells per NSC clone,EdU+ cells per clone,5,LDH x nd42,Complex I,enzyme,FALSE,session_14,b257
Fig_5E,EdU-positive cells per NSC clone,EdU+ cells per clone,7,LDH x nd42,Complex I,enzyme,FALSE,session_14,b257
Fig_5E,EdU-positive cells per NSC clone,EdU+ cells per clone,7,LDH x nd42,Complex I,enzyme,FALSE,session_14,b257
Fig_5E,EdU-positive cells per NSC clone,EdU+ cells per clone,4,LDH x nd42,Complex I,enzyme,FALSE,session_14,b257
Fig_5E,EdU-positive cells per NSC clone,EdU+ cells per clone,5,LDH x nd42,Complex I,enzyme,FALSE,session_14,b258
Fig_5E,EdU-positive cells per NSC clone,EdU+ cells per clone,6,LDH x nd42,Complex I,enzyme,FALSE,session_14,b258
Fig_5E,EdU-positive cells per NSC clone,EdU+ cells per clone,3,LDH x nd42,Complex I,enzyme,FALSE,session_14,b259
Fig_5E,EdU-positive cells per NSC clone,EdU+ cells per clone,4,LDH x nd42,Complex I,enzyme,FALSE,session_14,b259
Fig_5E,EdU-positive cells per NSC clone,EdU+ cells per clone,6,LDH x nd42,Complex I,enzyme,FALSE,session_14,b259
Fig_5E,EdU-positive cells per NSC clone,EdU+ cells per clone,6,LDH x nd42,Complex I,enzyme,FALSE,session_14,b259
Fig_5E,EdU-positive cells per NSC clone,EdU+ cells per clone,5,LDH x nd42,Complex I,enzyme,FALSE,session_14,b259
Fig_5E,EdU-positive cells per NSC clone,EdU+ cells per clone,8,LDH x nd42,Complex I,enzyme,FALSE,session_14,b259
Fig_5E,EdU-positive cells per NSC clone,EdU+ cells per clone,7,LDH x nd42,Complex I,enzyme,FALSE,session_14,b259
Fig_5E,EdU-positive cells per NSC clone,EdU+ cells per clone,7,LDH x nd42,Complex I,enzyme,FALSE,session_14,b259
Fig_5E,EdU-positive cells per NSC clone,EdU+ cells per clone,6,LDH x nd42,Complex I,enzyme,FALSE,session_14,b259
Fig_5E,EdU-positive cells per NSC clone,EdU+ cells per clone,4,LDH x nd42,Complex I,enzyme,FALSE,session_04,b260
Fig_5E,EdU-positive cells per NSC clone,EdU+ cells per clone,6,LDH x nd42,Complex I,enzyme,FALSE,session_04,b260
Fig_5E,EdU-positive cells per NSC clone,EdU+ cells per clone,7,LDH x nd42,Complex I,enzyme,FALSE,session_04,b260
Fig_5E,EdU-positive cells per NSC clone,EdU+ cells per clone,3,LDH x nd42,Complex I,enzyme,FALSE,session_04,b260
Fig_5E,EdU-positive cells per NSC clone,EdU+ cells per clone,4,LDH x nd42,Complex I,enzyme,FALSE,session_04,b260
Fig_5E,EdU-positive cells per NSC clone,EdU+ cells per clone,3,LDH x nd42,Complex I,enzyme,FALSE,session_04,b260
Fig_5E,EdU-positive cells per NSC clone,EdU+ cells per clone,4,LDH x nd42,Complex I,enzyme,FALSE,session_37,b261
Fig_5E,EdU-positive cells per NSC clone,EdU+ cells per clone,6,LDH x nd42,Complex I,enzyme,FALSE,session_37,b262
Fig_5E,EdU-positive cells per NSC clone,EdU+ cells per clone,3,LDH x nd42,Complex I,enzyme,FALSE,session_37,b262
Fig_5E,EdU-positive cells per NSC clone,EdU+ cells per clone,5,LDH x nd42,Complex I,enzyme,FALSE,session_37,b262
Fig_5E,EdU-positive cells per NSC clone,EdU+ cells per clone,6,LDH x nd42,Complex I,enzyme,FALSE,session_37,b262
Fig_5E,EdU-positive cells per NSC clone,EdU+ cells per clone,3,LDH x nd42,Complex I,enzyme,FALSE,session_07,b263
Fig_5E,EdU-positive cells per NSC clone,EdU+ cells per clone,4,LDH x nd42,Complex I,enzyme,FALSE,session_07,b263
Fig_5E,EdU-positive cells per NSC clone,EdU+ cells per clone,4,LDH x nd42,Complex I,enzyme,FALSE,session_07,b263
Fig_5E,EdU-positive cells per NSC clone,EdU+ cells per clone,4,LDH x nd42,Complex I,enzyme,FALSE,session_07,b263
Fig_5E,EdU-positive cells per NSC clone,EdU+ cells per clone,6,LDH x nd42,Complex I,enzyme,FALSE,session_07,b264
Fig_5E,EdU-positive cells per NSC clone,EdU+ cells per clone,5,LDH x nd42,Complex I,enzyme,FALSE,session_07,b264
Fig_5E,EdU-positive cells per NSC clone,EdU+ cells per clone,8,LDH x nd42,Complex I,enzyme,FALSE,session_07,b264
Fig_5E,EdU-positive cells per NSC clone,EdU+ cells per clone,4,LDH x nd42,Complex I,enzyme,FALSE,session_07,b264
Fig_5E,EdU-positive cells per NSC clone,EdU+ cells per clone,5,LDH x nd42,Complex I,enzyme,FALSE,session_07,b264
Fig_5E,EdU-positive cells per NSC clone,EdU+ cells per clone,6,LDH x nd42,Complex I,enzyme,FALSE,session_07,b264
Fig_5E,EdU-positive cells per NSC clone,EdU+ cells per clone,6,LDH x nd42,Complex I,enzyme,FALSE,session_07,b264
Fig_5E,EdU-positive cells per NSC clone,EdU+ cells per clone,5,LDH x nd42,Complex I,enzyme,FALSE,session_07,b264
Fig_5E,EdU-positive cells per NSC clone,EdU+ cells per clone,6,LDH x nd42,Complex I,enzyme,FALSE,session_07,b264
Fig_5E,EdU-positive cells per NSC clone,EdU+ cells per clone,6,LDH x nd42,Complex I,enzyme,FALSE,session_07,b264
Fig_5E,EdU-positive cells per NSC clone,EdU+ cells per clone,5,LDH x nd42,Complex I,enzyme,FALSE,session_07,b264
Fig_5E,EdU-positive cells per NSC clone,EdU+ cells per clone,6,LDH x nd42,Complex I,enzyme,FALSE,session_07,b265
Fig_5E,EdU-positive cells per NSC clone,EdU+ cells per clone,3,LDH x nd42,Complex I,enzyme,FALSE,session_07,b265
Fig_5E,EdU-positive cells per NSC clone,EdU+ cells per clone,6,LDH x nd42,Complex I,enzyme,FALSE,session_07,b265
Fig_5E,EdU-positive cells per NSC clone,EdU+ cells per clone,4,LDH x nd42,Complex I,enzyme,FALSE,session_07,b265
Fig_5E,EdU-positive cells per NSC clone,EdU+ cells per clone,6,LDH x nd42,Complex I,enzyme,FALSE,session_07,b265
Fig_5E,EdU-positive cells per NSC clone,EdU+ cells per clone,3,LDH x nd42,Complex I,enzyme,FALSE,session_07,b265
Fig_5E,EdU-positive cells per NSC clone,EdU+ cells per clone,3,LDH x nd42,Complex I,enzyme,FALSE,session_07,b265
Fig_5E,EdU-positive cells per NSC clone,EdU+ cells per clone,5,LDH x nd42,Complex I,enzyme,FALSE,session_07,b265
Fig_5E,EdU-positive cells per NSC clone,EdU+ cells per clone,4,LDH x nd42,Complex I,enzyme,FALSE,session_07,b265
Fig_5E,EdU-positive cells per NSC clone,EdU+ cells per clone,5,LDH x nd42,Complex I,enzyme,FALSE,session_07,b266
Fig_5E,EdU-positive cells per NSC clone,EdU+ cells per clone,4,LDH x nd42,Complex I,enzyme,FALSE,session_07,b266
Fig_5E,EdU-positive cells per NSC clone,EdU+ cells per clone,5,LDH x nd42,Complex I,enzyme,FALSE,session_07,b266
Fig_5E,EdU-positive cells per NSC clone,EdU+ cells per clone,5,LDH x nd42,Complex I,enzyme,FALSE,session_07,b266
Fig_5E,EdU-positive cells per NSC clone,EdU+ cells per clone,4,LDH x nd42,Complex I,enzyme,FALSE,session_07,b266
Fig_5E,EdU-positive cells per NSC clone,EdU+ cells per clone,5,LDH x nd42,Complex I,enzyme,FALSE,session_07,b266
Fig_5E,EdU-positive cells per NSC clone,EdU+ cells per clone,3,LDH x nd42,Complex I,enzyme,FALSE,session_07,b266
Fig_5E,EdU-positive cells per NSC clone,EdU+ cells per clone,3,LDH x nd42,Complex I,enzyme,FALSE,session_07,b266
Fig_5E,EdU-positive cells per NSC clone,EdU+ cells per clone,5,LDH x nd42,Complex I,enzyme,FALSE,session_07,b267
Fig_5E,EdU-positive cells per NSC clone,EdU+ cells per clone,5,LDH x nd42,Complex I,enzyme,FALSE,session_07,b267
Fig_5E,EdU-positive cells per NSC clone,EdU+ cells per clone,7,LDH x nd42,Complex I,enzyme,FALSE,session_07,b267
Fig_5E,EdU-positive cells per NSC clone,EdU+ cells per clone,3,LDH x nd42,Complex I,enzyme,FALSE,session_07,b267
Fig_5E,EdU-positive cells per NSC clone,EdU+ cells per clone,4,LDH x nd42,Complex I,enzyme,FALSE,session_07,b267
Fig_5E,EdU-positive cells per NSC clone,EdU+ cells per clone,7,LDH x nd42,Complex I,enzyme,FALSE,session_07,b267
Fig_5E,EdU-positive cells per NSC clone,EdU+ cells per clone,8,LDH x nd42,Complex I,enzyme,FALSE,session_07,b267
Fig_5E,EdU-positive cells per NSC clone,EdU+ cells per clone,5,LDH x nd42,Complex I,enzyme,FALSE,session_07,b267
Fig_5E,EdU-positive cells per NSC clone,EdU+ cells per clone,6,LDH x nd42,Complex I,enzyme,FALSE,session_07,b268
Fig_5E,EdU-positive cells per NSC clone,EdU+ cells per clone,6,LDH x nd42,Complex I,enzyme,FALSE,session_07,b268
Fig_5E,EdU-positive cells per NSC clone,EdU+ cells per clone,7,LDH x nd42,Complex I,enzyme,FALSE,session_07,b268
Fig_5E,EdU-positive cells per NSC clone,EdU+ cells per clone,6,LDH x nd42,Complex I,enzyme,FALSE,session_07,b268
Fig_5E,EdU-positive cells per NSC clone,EdU+ cells per clone,5,LDH x nd42,Complex I,enzyme,FALSE,session_07,b268
Fig_5E,EdU-positive cells per NSC clone,EdU+ cells per clone,5,LDH x nd42,Complex I,enzyme,FALSE,session_07,b268
Fig_5E,EdU-positive cells per NSC clone,EdU+ cells per clone,7,LDH x nd42,Complex I,enzyme,FALSE,session_07,b268
Fig_5E,EdU-positive cells per NSC clone,EdU+ cells per clone,6,LDH x nd42,Complex I,enzyme,FALSE,session_07,b269
Fig_5E,EdU-positive cells per NSC clone,EdU+ cells per clone,4,LDH x nd42,Complex I,enzyme,FALSE,session_07,b269
Fig_5E,EdU-positive cells per NSC clone,EdU+ cells per clone,5,LDH x nd42,Complex I,enzyme,FALSE,session_07,b269
Fig_5E,EdU-positive cells per NSC clone,EdU+ cells per clone,5,LDH x nd42,Complex I,enzyme,FALSE,session_07,b269
Fig_5E,EdU-positive cells per NSC clone,EdU+ cells per clone,5,LDH x nd42,Complex I,enzyme,FALSE,session_07,b269
Fig_5E,EdU-positive cells per NSC clone,EdU+ cells per clone,6,LDH x nd42,Complex I,enzyme,FALSE,session_07,b270
Fig_5E,EdU-positive cells per NSC clone,EdU+ cells per clone,4,LDH x nd42,Complex I,enzyme,FALSE,session_07,b270
Fig_5E,EdU-positive cells per NSC clone,EdU+ cells per clone,3,LDH x nd42,Complex I,enzyme,FALSE,session_07,b270
Fig_5E,EdU-positive cells per NSC clone,EdU+ cells per clone,5,LDH x nd42,Complex I,enzyme,FALSE,session_07,b270
Fig_5E,EdU-positive cells per NSC clone,EdU+ cells per clone,6,LDH x nd42,Complex I,enzyme,FALSE,session_07,b270
Fig_5E,EdU-positive cells per NSC clone,EdU+ cells per clone,4,LDH x nd42,Complex I,enzyme,FALSE,session_07,b270
Fig_5E,EdU-positive cells per NSC clone,EdU+ cells per clone,6,LDH x nd42,Complex I,enzyme,FALSE,session_07,b270
Fig_4L,EdU-positive cells per NSC clone,EdU+ cells per clone,7,ND42 X GLS,Complex I,enzyme,TRUE,session_12,b271
Fig_4L,EdU-positive cells per NSC clone,EdU+ cells per clone,7,ND42 X GLS,Complex I,enzyme,TRUE,session_12,b271
Fig_4L,EdU-positive cells per NSC clone,EdU+ cells per clone,9,ND42 X GLS,Complex I,enzyme,TRUE,session_12,b271
Fig_4L,EdU-positive cells per NSC clone,EdU+ cells per clone,8,ND42 X GLS,Complex I,enzyme,TRUE,session_12,b271
Fig_4L,EdU-positive cells per NSC clone,EdU+ cells per clone,5,ND42 X Gdh,Complex I,enzyme,TRUE,session_10,b272
Fig_4L,EdU-positive cells per NSC clone,EdU+ cells per clone,5,ND42 X Gdh,Complex I,enzyme,TRUE,session_10,b272
Fig_4L,EdU-positive cells per NSC clone,EdU+ cells per clone,7,ND42 X Gdh,Complex I,enzyme,TRUE,session_10,b272
Fig_4L,EdU-positive cells per NSC clone,EdU+ cells per clone,5,ND42 X Gdh,Complex I,enzyme,TRUE,session_10,b273
Fig_4L,EdU-positive cells per NSC clone,EdU+ cells per clone,6,ND42 X Gdh,Complex I,enzyme,TRUE,session_10,b273
Fig_4L,EdU-positive cells per NSC clone,EdU+ cells per clone,8,ND42 X Gdh,Complex I,enzyme,TRUE,session_10,b273
Fig_4L,EdU-positive cells per NSC clone,EdU+ cells per clone,7,ND42 X Gdh,Complex I,enzyme,TRUE,session_10,b273
Fig_4L,EdU-positive cells per NSC clone,EdU+ cells per clone,6,ND42 X Gdh,Complex I,enzyme,TRUE,session_10,b273
Fig_4L,EdU-positive cells per NSC clone,EdU+ cells per clone,6,ND42 X Gdh,Complex I,enzyme,TRUE,session_10,b273
Fig_4L,EdU-positive cells per NSC clone,EdU+ cells per clone,7,ND42 X Gdh,Complex I,enzyme,TRUE,session_10,b273
Fig_4L,EdU-positive cells per NSC clone,EdU+ cells per clone,4,ND42 X Gdh,Complex I,enzyme,TRUE,session_10,b274
Fig_4L,EdU-positive cells per NSC clone,EdU+ cells per clone,7,ND42 X Gdh,Complex I,enzyme,TRUE,session_10,b274
Fig_4L,EdU-positive cells per NSC clone,EdU+ cells per clone,5,ND42 X Gdh,Complex I,enzyme,TRUE,session_10,b274
Fig_4L,EdU-positive cells per NSC clone,EdU+ cells per clone,6,ND42 X Gdh,Complex I,enzyme,TRUE,session_10,b274
Fig_4L,EdU-positive cells per NSC clone,EdU+ cells per clone,7,ND42 X Gdh,Complex I,enzyme,TRUE,session_10,b275
Fig_4L,EdU-positive cells per NSC clone,EdU+ cells per clone,5,ND42 X Gdh,Complex I,enzyme,TRUE,session_10,b275
Fig_4L,EdU-positive cells per NSC clone,EdU+ cells per clone,4,ND42 X Gdh,Complex I,enzyme,TRUE,session_10,b275
Fig_4L,EdU-positive cells per NSC clone,EdU+ cells per clone,6,ND42 X Gdh,Complex I,enzyme,TRUE,session_10,b275
Fig_4L,EdU-positive cells per NSC clone,EdU+ cells per clone,8,ND42 X Gdh,Complex I,enzyme,TRUE,session_10,b276
Fig_4L,EdU-positive cells per NSC clone,EdU+ cells per clone,8,ND42 X Gdh,Complex I,enzyme,TRUE,session_10,b276
Fig_4L,EdU-positive cells per NSC clone,EdU+ cells per clone,6,ND42 X Gdh,Complex I,enzyme,TRUE,session_10,b276
Fig_4L,EdU-positive cells per NSC clone,EdU+ cells per clone,12,ND42 X Gdh,Complex I,enzyme,TRUE,session_10,b276
Fig_4L,EdU-positive cells per NSC clone,EdU+ cells per clone,8,ND42 X Gdh,Complex I,enzyme,TRUE,session_10,b276
Fig_4L,EdU-positive cells per NSC clone,EdU+ cells per clone,7,ND42 X Gdh,Complex I,enzyme,TRUE,session_10,b277
Fig_4L,EdU-positive cells per NSC clone,EdU+ cells per clone,8,ND42 X Gdh,Complex I,enzyme,TRUE,session_10,b278
Fig_4L,EdU-positive cells per NSC clone,EdU+ cells per clone,10,ND42 X Gdh,Complex I,enzyme,TRUE,session_10,b278
Fig_4L,EdU-positive cells per NSC clone,EdU+ cells per clone,6,ND42 X Gdh,Complex I,enzyme,TRUE,session_10,b278
Fig_4L,EdU-positive cells per NSC clone,EdU+ cells per clone,7,ND42 X Gdh,Complex I,enzyme,TRUE,session_10,b278
Fig_4L,EdU-positive cells per NSC clone,EdU+ cells per clone,7,ND42 X Gdh,Complex I,enzyme,TRUE,session_10,b278
Fig_4L,EdU-positive cells per NSC clone,EdU+ cells per clone,8,ND42 X Gdh,Complex I,enzyme,TRUE,session_10,b278
Fig_4L,EdU-positive cells per NSC clone,EdU+ cells per clone,10,ND42 X GS2,Complex I,enzyme,TRUE,session_25,b279
Fig_4L,EdU-positive cells per NSC clone,EdU+ cells per clone,11,ND42 X GS2,Complex I,enzyme,TRUE,session_25,b279
Fig_4L,EdU-positive cells per NSC clone,EdU+ cells per clone,8,ND42 X GS2,Complex I,enzyme,TRUE,session_25,b279
Fig_4L,EdU-positive cells per NSC clone,EdU+ cells per clone,8,ND42 X GS2,Complex I,enzyme,TRUE,session_25,b279
Fig_4L,EdU-positive cells per NSC clone,EdU+ cells per clone,5,ND42 X GS2,Complex I,enzyme,TRUE,session_25,b279
Fig_4L,EdU-positive cells per NSC clone,EdU+ cells per clone,8,ND42 X GS2,Complex I,enzyme,TRUE,session_25,b279
Fig_4L,EdU-positive cells per NSC clone,EdU+ cells per clone,6,ND42 X GS2,Complex I,enzyme,TRUE,session_25,b279
Fig_4L,EdU-positive cells per NSC clone,EdU+ cells per clone,8,ND42 X GS2,Complex I,enzyme,TRUE,session_26,b280
Fig_4L,EdU-positive cells per NSC clone,EdU+ cells per clone,3,ND42 X GS2,Complex I,enzyme,TRUE,session_26,b280
Fig_4L,EdU-positive cells per NSC clone,EdU+ cells per clone,7,ND42 X GS2,Complex I,enzyme,TRUE,session_26,b280
Fig_4L,EdU-positive cells per NSC clone,EdU+ cells per clone,9,ND42 X GS2,Complex I,enzyme,TRUE,session_26,b281
Fig_4L,EdU-positive cells per NSC clone,EdU+ cells per clone,5,ND42 X GS2,Complex I,enzyme,TRUE,session_26,b281
Fig_4L,EdU-positive cells per NSC clone,EdU+ cells per clone,3,ND42 X GS2,Complex I,enzyme,TRUE,session_26,b281
Fig_4L,EdU-positive cells per NSC clone,EdU+ cells per clone,5,ND42 X GS2,Complex I,enzyme,TRUE,session_26,b281
Fig_4L,EdU-positive cells per NSC clone,EdU+ cells per clone,4,ND42 X GS2,Complex I,enzyme,TRUE,session_26,b281
Fig_4L,EdU-positive cells per NSC clone,EdU+ cells per clone,5,ND42 X GS2,Complex I,enzyme,TRUE,session_26,b281
Fig_4L,EdU-positive cells per NSC clone,EdU+ cells per clone,8,ND42 X GS2,Complex I,enzyme,TRUE,session_32,b282
Fig_4L,EdU-positive cells per NSC clone,EdU+ cells per clone,9,ND42 X GS2,Complex I,enzyme,TRUE,session_32,b282
Fig_4L,EdU-positive cells per NSC clone,EdU+ cells per clone,4,ND42 X GS2,Complex I,enzyme,TRUE,session_32,b282
Fig_4L,EdU-positive cells per NSC clone,EdU+ cells per clone,7,ND42 X GS2,Complex I,enzyme,TRUE,session_32,b282
Fig_4L,EdU-positive cells per NSC clone,EdU+ cells per clone,5,ND42 X GS2,Complex I,enzyme,TRUE,session_32,b283
Fig_4L,EdU-positive cells per NSC clone,EdU+ cells per clone,8,ND42 X GS2,Complex I,enzyme,TRUE,session_32,b283
Fig_4L,EdU-positive cells per NSC clone,EdU+ cells per clone,9,ND42 X GOT1 (43194),Complex I,enzyme,TRUE,session_21,b284
Fig_4L,EdU-positive cells per NSC clone,EdU+ cells per clone,6,ND42 X GOT1 (43194),Complex I,enzyme,TRUE,session_21,b284
Fig_4L,EdU-positive cells per NSC clone,EdU+ cells per clone,5,ND42 X GOT1 (43194),Complex I,enzyme,TRUE,session_21,b284
Fig_4L,EdU-positive cells per NSC clone,EdU+ cells per clone,5,ND42 X GOT1 (43194),Complex I,enzyme,TRUE,session_21,b284
Fig_4L,EdU-positive cells per NSC clone,EdU+ cells per clone,10,ND42 X GOT1 (43194),Complex I,enzyme,TRUE,session_21,b285
Fig_4L,EdU-positive cells per NSC clone,EdU+ cells per clone,7,ND42 X GOT1 (43194),Complex I,enzyme,TRUE,session_21,b285
Fig_4L,EdU-positive cells per NSC clone,EdU+ cells per clone,6,ND42 X GOT1 (43194),Complex I,enzyme,TRUE,session_21,b285
Fig_4L,EdU-positive cells per NSC clone,EdU+ cells per clone,5,ND42 X GOT1 (43194),Complex I,enzyme,TRUE,session_21,b285
Fig_4L,EdU-positive cells per NSC clone,EdU+ cells per clone,5,ND42 X GOT1 (43194),Complex I,enzyme,TRUE,session_21,b285
Fig_4L,EdU-positive cells per NSC clone,EdU+ cells per clone,7,ND42 X GOT1 (43194),Complex I,enzyme,TRUE,session_21,b285
Fig_4L,EdU-positive cells per NSC clone,EdU+ cells per clone,3,ND42 X GOT1 (43194),Complex I,enzyme,TRUE,session_21,b285
Fig_4L,EdU-positive cells per NSC clone,EdU+ cells per clone,5,ND42 X GOT1 (43194),Complex I,enzyme,TRUE,session_21,b286
Fig_4L,EdU-positive cells per NSC clone,EdU+ cells per clone,8,ND42 X GOT1 (43194),Complex I,enzyme,TRUE,session_21,b286
Fig_4L,EdU-positive cells per NSC clone,EdU+ cells per clone,8,ND42 X GOT1 (43194),Complex I,enzyme,TRUE,session_21,b287
Fig_4L,EdU-positive cells per NSC clone,EdU+ cells per clone,6,ND42 X GOT1 (43194),Complex I,enzyme,TRUE,session_21,b287
Fig_4L,EdU-positive cells per NSC clone,EdU+ cells per clone,6,ND42 X GOT1 (43194),Complex I,enzyme,TRUE,session_21,b287
Fig_4L,EdU-positive cells per NSC clone,EdU+ cells per clone,7,ND42 X GOT1 (43194),Complex I,enzyme,TRUE,session_21,b287
Fig_4L,EdU-positive cells per NSC clone,EdU+ cells per clone,6,ND42 X GOT1 (43194),Complex I,enzyme,TRUE,session_21,b287
Fig_4L,EdU-positive cells per NSC clone,EdU+ cells per clone,4,ND42 X GOT2,Complex I,enzyme,TRUE,session_10,b288
Fig_4L,EdU-positive cells per NSC clone,EdU+ cells per clone,4,ND42 X GOT2,Complex I,enzyme,TRUE,session_10,b288
Fig_4L,EdU-positive cells per NSC clone,EdU+ cells per clone,3,ND42 X GOT2,Complex I,enzyme,TRUE,session_10,b288
Fig_4L,EdU-positive cells per NSC clone,EdU+ cells per clone,4,ND42 X GOT2,Complex I,enzyme,TRUE,session_10,b288
Fig_4L,EdU-positive cells per NSC clone,EdU+ cells per clone,7,ND42 X PCB,Complex I,enzyme,TRUE,session_27,b289
Fig_4L,EdU-positive cells per NSC clone,EdU+ cells per clone,6,ND42 X PCB,Complex I,enzyme,TRUE,session_27,b289
Fig_4L,EdU-positive cells per NSC clone,EdU+ cells per clone,2,ND42 X PCB,Complex I,enzyme,TRUE,session_27,b289
Fig_4L,EdU-positive cells per NSC clone,EdU+ cells per clone,5,ND42 X PCB,Complex I,enzyme,TRUE,session_27,b289
Fig_4L,EdU-positive cells per NSC clone,EdU+ cells per clone,3,ND42 X PCB,Complex I,enzyme,TRUE,session_27,b289
Fig_4L,EdU-positive cells per NSC clone,EdU+ cells per clone,6,ND42 X PCB,Complex I,enzyme,TRUE,session_27,b290
Fig_4L,EdU-positive cells per NSC clone,EdU+ cells per clone,4,ND42 X PCB,Complex I,enzyme,TRUE,session_27,b290
Fig_4L,EdU-positive cells per NSC clone,EdU+ cells per clone,6,ND42 X PCB,Complex I,enzyme,TRUE,session_27,b290
Fig_4L,EdU-positive cells per NSC clone,EdU+ cells per clone,6,ND42 X PCB,Complex I,enzyme,TRUE,session_27,b290
Fig_4L,EdU-positive cells per NSC clone,EdU+ cells per clone,5,ND42 X PCB,Complex I,enzyme,TRUE,session_27,b290
Fig_4L,EdU-positive cells per NSC clone,EdU+ cells per clone,4,ND42 X PCB,Complex I,enzyme,TRUE,session_27,b290
Fig_4K,EdU-positive cells per NSC clone,EdU+ cells per clone,8,ND42 X Eaat1 RNAi_Eaat2GFP,Complex I,transporter,FALSE,session_38,b291
Fig_4K,EdU-positive cells per NSC clone,EdU+ cells per clone,5,ND42 X Eaat1 RNAi_Eaat2GFP,Complex I,transporter,FALSE,session_38,b291
Fig_4K,EdU-positive cells per NSC clone,EdU+ cells per clone,5,ND42 X Eaat1 RNAi_Eaat2GFP,Complex I,transporter,FALSE,session_38,b291
Fig_4K,EdU-positive cells per NSC clone,EdU+ cells per clone,8,ND42 X Eaat1 RNAi_Eaat2GFP,Complex I,transporter,FALSE,session_38,b291
Fig_4K,EdU-positive cells per NSC clone,EdU+ cells per clone,8,ND42 X Eaat1 RNAi_Eaat2GFP,Complex I,transporter,FALSE,session_38,b291
Fig_4K,EdU-positive cells per NSC clone,EdU+ cells per clone,8,ND42 X Eaat1 RNAi_Eaat2GFP,Complex I,transporter,FALSE,session_38,b291
Fig_4K,EdU-positive cells per NSC clone,EdU+ cells per clone,5,ND42 X Eaat1 RNAi_Eaat2GFP,Complex I,transporter,FALSE,session_38,b291
Fig_4K,EdU-positive cells per NSC clone,EdU+ cells per clone,7,ND42 X Eaat1 RNAi_Eaat2GFP,Complex I,transporter,FALSE,session_38,b292
Fig_4K,EdU-positive cells per NSC clone,EdU+ cells per clone,5,ND42 X Eaat1 RNAi_Eaat2GFP,Complex I,transporter,FALSE,session_38,b292
Fig_4K,EdU-positive cells per NSC clone,EdU+ cells per clone,8,ND42 X Eaat1 RNAi_Eaat2GFP,Complex I,transporter,FALSE,session_38,b292
Fig_4K,EdU-positive cells per NSC clone,EdU+ cells per clone,8,ND42 X Eaat1 RNAi_Eaat2GFP,Complex I,transporter,FALSE,session_38,b292
Fig_4K,EdU-positive cells per NSC clone,EdU+ cells per clone,6,ND42 X Eaat1 RNAi_Eaat2GFP,Complex I,transporter,FALSE,session_38,b293
Fig_4K,EdU-positive cells per NSC clone,EdU+ cells per clone,7,ND42 X Eaat1 RNAi_Eaat2GFP,Complex I,transporter,FALSE,session_38,b293
Fig_4K,EdU-positive cells per NSC clone,EdU+ cells per clone,7,ND42 X Eaat1 RNAi_Eaat2GFP,Complex I,transporter,FALSE,session_39,b294
Fig_4K,EdU-positive cells per NSC clone,EdU+ cells per clone,6,ND42 X Eaat1 RNAi_Eaat2GFP,Complex I,transporter,FALSE,session_39,b294
Fig_4K,EdU-positive cells per NSC clone,EdU+ cells per clone,6,ND42 X Eaat1 RNAi_Eaat2GFP,Complex I,transporter,FALSE,session_39,b294
Fig_4K,EdU-positive cells per NSC clone,EdU+ cells per clone,5,ND42 X Eaat1 RNAi_Eaat2GFP,Complex I,transporter,FALSE,session_39,b294
Fig_4K,EdU-positive cells per NSC clone,EdU+ cells per clone,7,ND42 X Eaat1 RNAi_Eaat2GFP,Complex I,transporter,FALSE,session_39,b295
Fig_4K,EdU-positive cells per NSC clone,EdU+ cells per clone,6,ND42 X Eaat1 RNAi_Eaat2GFP,Complex I,transporter,FALSE,session_39,b295
Fig_4K,EdU-positive cells per NSC clone,EdU+ cells per clone,7,ND42 X Eaat1 RNAi_Eaat2GFP,Complex I,transporter,FALSE,session_39,b296
Fig_4K,EdU-positive cells per NSC clone,EdU+ cells per clone,6,ND42 X Eaat1 RNAi_Eaat2GFP,Complex I,transporter,FALSE,session_39,b296
Fig_4K,EdU-positive cells per NSC clone,EdU+ cells per clone,7,ND42 X Eaat1 RNAi_Eaat2GFP,Complex I,transporter,FALSE,session_39,b296
Fig_4K,EdU-positive cells per NSC clone,EdU+ cells per clone,6,ND42 X Eaat1 RNAi_Eaat2GFP,Complex I,transporter,FALSE,session_39,b296
Fig_4K,EdU-positive cells per NSC clone,EdU+ cells per clone,9,Eaat1 X mCherry,Control,transporter,FALSE,undated,b297
Fig_4K,EdU-positive cells per NSC clone,EdU+ cells per clone,8,Eaat1 X mCherry,Control,transporter,FALSE,undated,b297
Fig_4K,EdU-positive cells per NSC clone,EdU+ cells per clone,8,Eaat1 X mCherry,Control,transporter,FALSE,undated,b297
Fig_4K,EdU-positive cells per NSC clone,EdU+ cells per clone,8,Eaat1 X mCherry,Control,transporter,FALSE,session_13,b298
Fig_4K,EdU-positive cells per NSC clone,EdU+ cells per clone,8,Eaat1 X mCherry,Control,transporter,FALSE,session_13,b298
Fig_4K,EdU-positive cells per NSC clone,EdU+ cells per clone,8,Eaat1 X mCherry,Control,transporter,FALSE,session_13,b298
Fig_4K,EdU-positive cells per NSC clone,EdU+ cells per clone,9,Eaat1 X mCherry,Control,transporter,FALSE,session_13,b298
Fig_4K,EdU-positive cells per NSC clone,EdU+ cells per clone,9,Eaat1 X mCherry,Control,transporter,FALSE,session_13,b298
Fig_4K,EdU-positive cells per NSC clone,EdU+ cells per clone,9,Eaat1 X mCherry,Control,transporter,FALSE,session_13,b299
Fig_4K,EdU-positive cells per NSC clone,EdU+ cells per clone,8,Eaat1 X mCherry,Control,transporter,FALSE,session_13,b299
Fig_4K,EdU-positive cells per NSC clone,EdU+ cells per clone,7,Eaat1 X mCherry,Control,transporter,FALSE,session_14,b300
Fig_4K,EdU-positive cells per NSC clone,EdU+ cells per clone,11,Eaat1 X mCherry,Control,transporter,FALSE,session_14,b300
Fig_4K,EdU-positive cells per NSC clone,EdU+ cells per clone,8,Eaat1 X mCherry,Control,transporter,FALSE,session_14,b300
Fig_4K,EdU-positive cells per NSC clone,EdU+ cells per clone,10,Eaat1 X mCherry,Control,transporter,FALSE,session_14,b300
Fig_4K,EdU-positive cells per NSC clone,EdU+ cells per clone,6,Eaat1 X mCherry,Control,transporter,FALSE,session_14,b300
Fig_4K,EdU-positive cells per NSC clone,EdU+ cells per clone,6,Eaat1 X mCherry,Control,transporter,FALSE,session_14,b300
Fig_S8D,EdU-positive cells per NSC clone,EdU+ cells per clone,7,ND42 X sns,Complex I,enzyme,TRUE,undated,b301
Fig_S8D,EdU-positive cells per NSC clone,EdU+ cells per clone,7,ND42 X sns,Complex I,enzyme,TRUE,undated,b301
Fig_S8D,EdU-positive cells per NSC clone,EdU+ cells per clone,6,ND42 X sns,Complex I,enzyme,TRUE,undated,b301
Fig_S8D,EdU-positive cells per NSC clone,EdU+ cells per clone,6,ND42 X sns,Complex I,enzyme,TRUE,undated,b301
Fig_S8D,EdU-positive cells per NSC clone,EdU+ cells per clone,7,ND42 X sns,Complex I,enzyme,TRUE,undated,b302
Fig_S8D,EdU-positive cells per NSC clone,EdU+ cells per clone,7,ND42 X sns,Complex I,enzyme,TRUE,undated,b302
Fig_S8D,EdU-positive cells per NSC clone,EdU+ cells per clone,6,ND42 X sns,Complex I,enzyme,TRUE,undated,b302
Fig_S8D,EdU-positive cells per NSC clone,EdU+ cells per clone,8,ND42 X sns,Complex I,enzyme,TRUE,undated,b303
Fig_S8D,EdU-positive cells per NSC clone,EdU+ cells per clone,8,ND42 X sns,Complex I,enzyme,TRUE,undated,b303
Fig_S8D,EdU-positive cells per NSC clone,EdU+ cells per clone,9,ND42 X sns,Complex I,enzyme,TRUE,undated,b303
Fig_S8D,EdU-positive cells per NSC clone,EdU+ cells per clone,9,ND42 X sns,Complex I,enzyme,TRUE,undated,b303
Fig_S8D,EdU-positive cells per NSC clone,EdU+ cells per clone,6,ND42 X sns,Complex I,enzyme,TRUE,undated,b303
Fig_S8D,EdU-positive cells per NSC clone,EdU+ cells per clone,6,ND42 X sns,Complex I,enzyme,TRUE,undated,b304
Fig_S8D,EdU-positive cells per NSC clone,EdU+ cells per clone,9,ND42 X sns,Complex I,enzyme,TRUE,undated,b304
Fig_S8D,EdU-positive cells per NSC clone,EdU+ cells per clone,7,ND42 X sns,Complex I,enzyme,TRUE,undated,b304
Fig_S8D,EdU-positive cells per NSC clone,EdU+ cells per clone,4,ND42 X sns,Complex I,enzyme,TRUE,undated,b304
Fig_S8D,EdU-positive cells per NSC clone,EdU+ cells per clone,7,ND42 X sns,Complex I,enzyme,TRUE,undated,b304
Fig_S8D,EdU-positive cells per NSC clone,EdU+ cells per clone,6,ND42 X sns,Complex I,enzyme,TRUE,undated,b304
Fig_S8D,EdU-positive cells per NSC clone,EdU+ cells per clone,4,ND42 X sns,Complex I,enzyme,TRUE,undated,b305
Fig_S8D,EdU-positive cells per NSC clone,EdU+ cells per clone,8,ND42 X sns,Complex I,enzyme,TRUE,undated,b305
Fig_S8D,EdU-positive cells per NSC clone,EdU+ cells per clone,6,ND42 X sns,Complex I,enzyme,TRUE,undated,b305
Fig_S8D,EdU-positive cells per NSC clone,EdU+ cells per clone,5,ND42 X sns,Complex I,enzyme,TRUE,undated,b306
Fig_S8D,EdU-positive cells per NSC clone,EdU+ cells per clone,5,ND42 X sns,Complex I,enzyme,TRUE,undated,b306
Fig_S8D,EdU-positive cells per NSC clone,EdU+ cells per clone,5,ND42 X sns,Complex I,enzyme,TRUE,session_21,b307
Fig_S8D,EdU-positive cells per NSC clone,EdU+ cells per clone,4,ND42 X sns,Complex I,enzyme,TRUE,session_21,b307
Fig_S8D,EdU-positive cells per NSC clone,EdU+ cells per clone,4,ND42 X sns,Complex I,enzyme,TRUE,session_21,b307
Fig_S8D,EdU-positive cells per NSC clone,EdU+ cells per clone,6,ND42 X sns,Complex I,enzyme,TRUE,session_21,b307
Fig_S8D,EdU-positive cells per NSC clone,EdU+ cells per clone,6,ND42 X sns,Complex I,enzyme,TRUE,session_06,b308
Fig_S8D,EdU-positive cells per NSC clone,EdU+ cells per clone,6,ND42 X sns,Complex I,enzyme,TRUE,session_06,b308
Fig_S8D,EdU-positive cells per NSC clone,EdU+ cells per clone,6,ND42 X sns,Complex I,enzyme,TRUE,session_06,b308
Fig_S8D,EdU-positive cells per NSC clone,EdU+ cells per clone,6,ND42 X sns,Complex I,enzyme,TRUE,session_06,b309
Fig_S8D,EdU-positive cells per NSC clone,EdU+ cells per clone,6,ND42 X sns,Complex I,enzyme,TRUE,session_06,b309
Fig_S8D,EdU-positive cells per NSC clone,EdU+ cells per clone,5,ND42 X sns,Complex I,enzyme,TRUE,session_06,b309
Fig_S8D,EdU-positive cells per NSC clone,EdU+ cells per clone,4,ND42 X sns,Complex I,enzyme,TRUE,session_06,b309
Fig_S8D,EdU-positive cells per NSC clone,EdU+ cells per clone,9,ND42 X sns,Complex I,enzyme,TRUE,session_06,b310
Fig_S8D,EdU-positive cells per NSC clone,EdU+ cells per clone,6,ND42 X sns,Complex I,enzyme,TRUE,session_06,b310
Fig_S8D,EdU-positive cells per NSC clone,EdU+ cells per clone,5,ND42 X sns,Complex I,enzyme,TRUE,session_06,b310
Fig_S8D,EdU-positive cells per NSC clone,EdU+ cells per clone,9,ND42 X sns,Complex I,enzyme,TRUE,session_06,b311
Fig_S8D,EdU-positive cells per NSC clone,EdU+ cells per clone,5,ND42 X sns,Complex I,enzyme,TRUE,session_06,b311
Fig_S8D,EdU-positive cells per NSC clone,EdU+ cells per clone,7,ND42 X sns,Complex I,enzyme,TRUE,session_06,b311
Fig_S8D,EdU-positive cells per NSC clone,EdU+ cells per clone,8,ND42 X sns,Complex I,enzyme,TRUE,session_06,b311
Fig_S8D,EdU-positive cells per NSC clone,EdU+ cells per clone,8,ND42 X sns,Complex I,enzyme,TRUE,session_06,b311
Fig_S8D,EdU-positive cells per NSC clone,EdU+ cells per clone,7,ND42 X sns,Complex I,enzyme,TRUE,session_06,b312
Fig_S8D,EdU-positive cells per NSC clone,EdU+ cells per clone,5,ND42 X sns,Complex I,enzyme,TRUE,session_06,b312
Fig_S8D,EdU-positive cells per NSC clone,EdU+ cells per clone,5,ND42 X sns,Complex I,enzyme,TRUE,session_06,b312
Fig_S8D,EdU-positive cells per NSC clone,EdU+ cells per clone,9,ND42 X sns,Complex I,enzyme,TRUE,session_06,b312
Fig_S8D,EdU-positive cells per NSC clone,EdU+ cells per clone,4,ND42 X sns,Complex I,enzyme,TRUE,session_06,b313
Fig_S8D,EdU-positive cells per NSC clone,EdU+ cells per clone,4,ND42 X sns,Complex I,enzyme,TRUE,session_06,b313
Fig_S8D,EdU-positive cells per NSC clone,EdU+ cells per clone,4,ND42 X sns,Complex I,enzyme,TRUE,session_06,b313
Fig_S8D,EdU-positive cells per NSC clone,EdU+ cells per clone,4,ND42 X sns,Complex I,enzyme,TRUE,session_06,b313
Fig_S8D,EdU-positive cells per NSC clone,EdU+ cells per clone,9,ND42 X Wasp,Complex I,enzyme,TRUE,session_37,b314
Fig_S8D,EdU-positive cells per NSC clone,EdU+ cells per clone,7,ND42 X Wasp,Complex I,enzyme,TRUE,session_37,b314
Fig_S8D,EdU-positive cells per NSC clone,EdU+ cells per clone,6,ND42 X Wasp,Complex I,enzyme,TRUE,session_37,b314
Fig_S8D,EdU-positive cells per NSC clone,EdU+ cells per clone,5,ND42 X Wasp,Complex I,enzyme,TRUE,session_37,b314
Fig_S8D,EdU-positive cells per NSC clone,EdU+ cells per clone,8,ND42 X Wasp,Complex I,enzyme,TRUE,session_37,b314
Fig_S8D,EdU-positive cells per NSC clone,EdU+ cells per clone,10,ND42 X Wasp,Complex I,enzyme,TRUE,session_21,b315
Fig_S8D,EdU-positive cells per NSC clone,EdU+ cells per clone,4,ND42 X Wasp,Complex I,enzyme,TRUE,session_21,b315
Fig_S8D,EdU-positive cells per NSC clone,EdU+ cells per clone,6,ND42 X Wasp,Complex I,enzyme,TRUE,session_21,b315
Fig_S8D,EdU-positive cells per NSC clone,EdU+ cells per clone,5,ND42 X Wasp,Complex I,enzyme,TRUE,session_21,b315
Fig_S8D,EdU-positive cells per NSC clone,EdU+ cells per clone,6,ND42 X Wasp,Complex I,enzyme,TRUE,session_21,b315
Fig_S8D,EdU-positive cells per NSC clone,EdU+ cells per clone,6,ND42 X Wasp,Complex I,enzyme,TRUE,session_21,b315
Fig_S8D,EdU-positive cells per NSC clone,EdU+ cells per clone,5,ND42 X Wasp,Complex I,enzyme,TRUE,session_06,b316
Fig_S8D,EdU-positive cells per NSC clone,EdU+ cells per clone,6,ND42 X Wasp,Complex I,enzyme,TRUE,session_06,b316
Fig_S8D,EdU-positive cells per NSC clone,EdU+ cells per clone,7,ND42 X Wasp,Complex I,enzyme,TRUE,session_06,b317
Fig_S8D,EdU-positive cells per NSC clone,EdU+ cells per clone,4,ND42 X Wasp,Complex I,enzyme,TRUE,session_06,b317
Fig_S8D,EdU-positive cells per NSC clone,EdU+ cells per clone,6,ND42 X Wasp,Complex I,enzyme,TRUE,session_06,b317
Fig_S8D,EdU-positive cells per NSC clone,EdU+ cells per clone,7,ND42 X Wasp,Complex I,enzyme,TRUE,session_06,b317
Fig_S8D,EdU-positive cells per NSC clone,EdU+ cells per clone,6,ND42 X Wasp,Complex I,enzyme,TRUE,session_06,b318
Fig_S8D,EdU-positive cells per NSC clone,EdU+ cells per clone,8,ND42 X Wasp,Complex I,enzyme,TRUE,session_06,b318
Fig_S8D,EdU-positive cells per NSC clone,EdU+ cells per clone,6,ND42 X Wasp,Complex I,enzyme,TRUE,session_06,b318
Fig_S8D,EdU-positive cells per NSC clone,EdU+ cells per clone,7,ND42 X Wasp,Complex I,enzyme,TRUE,session_06,b318
Fig_S8D,EdU-positive cells per NSC clone,EdU+ cells per clone,7,ND42 X Wasp,Complex I,enzyme,TRUE,session_06,b318
Fig_S8D,EdU-positive cells per NSC clone,EdU+ cells per clone,6,ND42 X Wasp,Complex I,enzyme,TRUE,session_06,b318
Fig_S8D,EdU-positive cells per NSC clone,EdU+ cells per clone,8,ND42 X Wasp,Complex I,enzyme,TRUE,session_06,b319
Fig_S8D,EdU-positive cells per NSC clone,EdU+ cells per clone,9,ND42 X Wasp,Complex I,enzyme,TRUE,session_06,b319
Fig_S8D,EdU-positive cells per NSC clone,EdU+ cells per clone,7,ND42 X Wasp,Complex I,enzyme,TRUE,session_06,b319
Fig_S8D,EdU-positive cells per NSC clone,EdU+ cells per clone,5,ND42 X Wasp,Complex I,enzyme,TRUE,session_06,b319
Fig_S8D,EdU-positive cells per NSC clone,EdU+ cells per clone,8,ND42 X Wasp,Complex I,enzyme,TRUE,session_06,b319
Fig_S8D,EdU-positive cells per NSC clone,EdU+ cells per clone,11,ND42 X Wasp,Complex I,enzyme,TRUE,session_06,b320
Fig_S8D,EdU-positive cells per NSC clone,EdU+ cells per clone,8,ND42 X Wasp,Complex I,enzyme,TRUE,session_06,b320
Fig_S8D,EdU-positive cells per NSC clone,EdU+ cells per clone,9,ND42 X Wasp,Complex I,enzyme,TRUE,session_06,b320
Fig_S8D,EdU-positive cells per NSC clone,EdU+ cells per clone,6,ND42 X Wasp,Complex I,enzyme,TRUE,session_06,b320
Fig_S8D,EdU-positive cells per NSC clone,EdU+ cells per clone,6,ND42 X Wasp,Complex I,enzyme,TRUE,session_06,b321
Fig_S8D,EdU-positive cells per NSC clone,EdU+ cells per clone,5,ND42 X Wasp,Complex I,enzyme,TRUE,session_06,b321
Fig_S8D,EdU-positive cells per NSC clone,EdU+ cells per clone,7,ND42 X Wasp,Complex I,enzyme,TRUE,session_06,b321
Fig_S8D,EdU-positive cells per NSC clone,EdU+ cells per clone,7,ND42 X Wasp,Complex I,enzyme,TRUE,session_06,b321
Fig_S8D,EdU-positive cells per NSC clone,EdU+ cells per clone,7,ND42 X Wasp,Complex I,enzyme,TRUE,session_06,b321
Fig_S8D,EdU-positive cells per NSC clone,EdU+ cells per clone,10,ND42 X Wasp,Complex I,enzyme,TRUE,session_06,b322
Fig_S8D,EdU-positive cells per NSC clone,EdU+ cells per clone,8,ND42 X Wasp,Complex I,enzyme,TRUE,session_06,b323
Fig_S8D,EdU-positive cells per NSC clone,EdU+ cells per clone,7,ND42 X Wasp,Complex I,enzyme,TRUE,session_06,b323
Fig_S8D,EdU-positive cells per NSC clone,EdU+ cells per clone,6,ND42 X Wasp,Complex I,enzyme,TRUE,session_06,b323
Fig_S8D,EdU-positive cells per NSC clone,EdU+ cells per clone,9,ND42 X Wasp,Complex I,enzyme,TRUE,session_06,b323
Fig_S8D,EdU-positive cells per NSC clone,EdU+ cells per clone,7,ND42 X Wasp,Complex I,enzyme,TRUE,session_06,b323
Fig_S8D,EdU-positive cells per NSC clone,EdU+ cells per clone,7,ND42 X hbs,Complex I,enzyme,TRUE,session_09,b324
Fig_S8D,EdU-positive cells per NSC clone,EdU+ cells per clone,4,ND42 X hbs,Complex I,enzyme,TRUE,session_09,b324
Fig_S8D,EdU-positive cells per NSC clone,EdU+ cells per clone,5,ND42 X hbs,Complex I,enzyme,TRUE,session_09,b324
Fig_S9A,EdU-positive cells per NSC clone,EdU+ cells per clone,4,ND42 X ND42,Complex I,enzyme,TRUE,undated,b325
Fig_S9A,EdU-positive cells per NSC clone,EdU+ cells per clone,4,ND42 X ND42,Complex I,enzyme,TRUE,undated,b325
Fig_S9A,EdU-positive cells per NSC clone,EdU+ cells per clone,5,ND42 X ND42,Complex I,enzyme,TRUE,undated,b326
Fig_S9A,EdU-positive cells per NSC clone,EdU+ cells per clone,5,ND42 X ND42,Complex I,enzyme,TRUE,undated,b326
Fig_S9A,EdU-positive cells per NSC clone,EdU+ cells per clone,6,ND42 X ND42,Complex I,enzyme,TRUE,undated,b326
Fig_S9A,EdU-positive cells per NSC clone,EdU+ cells per clone,7,ND42 X ND42,Complex I,enzyme,TRUE,undated,b326
Fig_S9A,EdU-positive cells per NSC clone,EdU+ cells per clone,4,ND42 X ND42,Complex I,enzyme,TRUE,undated,b327
Fig_S9A,EdU-positive cells per NSC clone,EdU+ cells per clone,3,ND42 X ND42,Complex I,enzyme,TRUE,undated,b327
Fig_S9A,EdU-positive cells per NSC clone,EdU+ cells per clone,3,ND42 X ND42,Complex I,enzyme,TRUE,undated,b327
Fig_S9A,EdU-positive cells per NSC clone,EdU+ cells per clone,3,ND42 X ND42,Complex I,enzyme,TRUE,undated,b327
Fig_S9A,EdU-positive cells per NSC clone,EdU+ cells per clone,4,ND42 X ND42,Complex I,enzyme,TRUE,undated,b327
Fig_S9A,EdU-positive cells per NSC clone,EdU+ cells per clone,3,ND42 X ND42,Complex I,enzyme,TRUE,undated,b327
Fig_S9A,EdU-positive cells per NSC clone,EdU+ cells per clone,6,ND42 X ATPsynO,Complex I,enzyme,TRUE,undated,b328
Fig_S9A,EdU-positive cells per NSC clone,EdU+ cells per clone,5,ND42 X ATPsynO,Complex I,enzyme,TRUE,undated,b328
Fig_S9A,EdU-positive cells per NSC clone,EdU+ cells per clone,4,ND42 X ATPsynO,Complex I,enzyme,TRUE,undated,b328
Fig_S9A,EdU-positive cells per NSC clone,EdU+ cells per clone,3,ND42 X ATPsynO,Complex I,enzyme,TRUE,undated,b328
Fig_S9A,EdU-positive cells per NSC clone,EdU+ cells per clone,6,ND42 X ATPsynO,Complex I,enzyme,TRUE,undated,b329
Fig_S9A,EdU-positive cells per NSC clone,EdU+ cells per clone,6,ND42 X ATPsynO,Complex I,enzyme,TRUE,undated,b330
Fig_S9A,EdU-positive cells per NSC clone,EdU+ cells per clone,3,ND42 X ATPsynO,Complex I,enzyme,TRUE,undated,b330
Fig_S9A,EdU-positive cells per NSC clone,EdU+ cells per clone,7,ND42 X ATPsynO,Complex I,enzyme,TRUE,undated,b330
Fig_S9A,EdU-positive cells per NSC clone,EdU+ cells per clone,6,ND42 X ATPsynO,Complex I,enzyme,TRUE,undated,b330
Fig_S9A,EdU-positive cells per NSC clone,EdU+ cells per clone,6,ND42 X ATPsynO,Complex I,enzyme,TRUE,undated,b330
Fig_S9A,EdU-positive cells per NSC clone,EdU+ cells per clone,10,ND42 X ATPsynO,Complex I,enzyme,TRUE,undated,b331
Fig_S9A,EdU-positive cells per NSC clone,EdU+ cells per clone,3,ND42 X ATPsynO,Complex I,enzyme,TRUE,undated,b331
Fig_S9A,EdU-positive cells per NSC clone,EdU+ cells per clone,5,ND42 X ATPsynO,Complex I,enzyme,TRUE,undated,b331
Fig_S9A,EdU-positive cells per NSC clone,EdU+ cells per clone,4,ND42 X ATPsynO,Complex I,enzyme,TRUE,undated,b332
Fig_S9A,EdU-positive cells per NSC clone,EdU+ cells per clone,3,ND42 X ATPsynO,Complex I,enzyme,TRUE,undated,b332
Fig_S9A,EdU-positive cells per NSC clone,EdU+ cells per clone,5,ND42 X DGAT1,Complex I,enzyme,TRUE,session_39,b333
Fig_S9A,EdU-positive cells per NSC clone,EdU+ cells per clone,5,ND42 X DGAT1,Complex I,enzyme,TRUE,session_39,b333
Fig_S9A,EdU-positive cells per NSC clone,EdU+ cells per clone,8,ND42 X DGAT1,Complex I,enzyme,TRUE,session_39,b333
Fig_S9A,EdU-positive cells per NSC clone,EdU+ cells per clone,8,ND42 X DGAT1,Complex I,enzyme,TRUE,session_39,b333
Fig_S9A,EdU-positive cells per NSC clone,EdU+ cells per clone,8,ND42 X DGAT1,Complex I,enzyme,TRUE,session_35,b334
Fig_S9A,EdU-positive cells per NSC clone,EdU+ cells per clone,8,ND42 X DGAT1,Complex I,enzyme,TRUE,session_35,b334
Fig_S9A,EdU-positive cells per NSC clone,EdU+ cells per clone,7,ND42 X DGAT1,Complex I,enzyme,TRUE,session_35,b334
Fig_S9A,EdU-positive cells per NSC clone,EdU+ cells per clone,6,ND42 X DGAT1,Complex I,enzyme,TRUE,session_35,b334
Fig_S9A,EdU-positive cells per NSC clone,EdU+ cells per clone,9,ND42 X DGAT1,Complex I,enzyme,TRUE,session_35,b334
Fig_S9A,EdU-positive cells per NSC clone,EdU+ cells per clone,3,ND42 X DGAT1,Complex I,enzyme,TRUE,session_35,b334
Fig_S9A,EdU-positive cells per NSC clone,EdU+ cells per clone,8,ND42 X DGAT1,Complex I,enzyme,TRUE,session_35,b334
Fig_S9A,EdU-positive cells per NSC clone,EdU+ cells per clone,7,ND42 X DGAT1,Complex I,enzyme,TRUE,session_35,b335
Fig_S9A,EdU-positive cells per NSC clone,EdU+ cells per clone,6,ND42 X DGAT1,Complex I,enzyme,TRUE,session_35,b335
Fig_S9A,EdU-positive cells per NSC clone,EdU+ cells per clone,7,ND42 X DGAT1,Complex I,enzyme,TRUE,session_35,b335
Fig_S9A,EdU-positive cells per NSC clone,EdU+ cells per clone,8,ND42 X DGAT1,Complex I,enzyme,TRUE,session_35,b336
Fig_S9A,EdU-positive cells per NSC clone,EdU+ cells per clone,5,ND42 X DGAT1,Complex I,enzyme,TRUE,session_35,b336
Fig_S9A,EdU-positive cells per NSC clone,EdU+ cells per clone,7,ND42 X DGAT1,Complex I,enzyme,TRUE,session_35,b336
Fig_S9A,EdU-positive cells per NSC clone,EdU+ cells per clone,6,ND42 X DGAT1,Complex I,enzyme,TRUE,session_35,b337
Fig_S9A,EdU-positive cells per NSC clone,EdU+ cells per clone,7,ND42 X DGAT1,Complex I,enzyme,TRUE,session_35,b337
Fig_S9A,EdU-positive cells per NSC clone,EdU+ cells per clone,6,ND42 X DGAT1,Complex I,enzyme,TRUE,session_35,b337
Fig_S9A,EdU-positive cells per NSC clone,EdU+ cells per clone,8,ND42 X DGAT1,Complex I,enzyme,TRUE,session_35,b337
Fig_S9A,EdU-positive cells per NSC clone,EdU+ cells per clone,6,ND42 X DGAT1,Complex I,enzyme,TRUE,session_35,b337
Fig_S9A,EdU-positive cells per NSC clone,EdU+ cells per clone,10,ND42 X DGAT1,Complex I,enzyme,TRUE,session_35,b338
Fig_S9A,EdU-positive cells per NSC clone,EdU+ cells per clone,4,ND42 X DGAT1,Complex I,enzyme,TRUE,session_35,b339
Fig_S9A,EdU-positive cells per NSC clone,EdU+ cells per clone,8,ND42 X DGAT1,Complex I,enzyme,TRUE,session_35,b339
Fig_S9A,EdU-positive cells per NSC clone,EdU+ cells per clone,6,ND42 X DGAT1,Complex I,enzyme,TRUE,session_35,b339
Fig_S9A,EdU-positive cells per NSC clone,EdU+ cells per clone,6,ND42 X DGAT1,Complex I,enzyme,TRUE,session_40,b340
Fig_S9A,EdU-positive cells per NSC clone,EdU+ cells per clone,7,ND42 X DGAT1,Complex I,enzyme,TRUE,session_40,b340
Fig_S9A,EdU-positive cells per NSC clone,EdU+ cells per clone,6,ND42 X DGAT1,Complex I,enzyme,TRUE,session_40,b340
Fig_S9A,EdU-positive cells per NSC clone,EdU+ cells per clone,6,ND42 X DGAT1,Complex I,enzyme,TRUE,session_40,b340
Fig_S9A,EdU-positive cells per NSC clone,EdU+ cells per clone,6,ND42 X DGAT1,Complex I,enzyme,TRUE,session_40,b340
Fig_S9A,EdU-positive cells per NSC clone,EdU+ cells per clone,6,ND42 X DGAT1,Complex I,enzyme,TRUE,session_40,b340
Fig_S9A,EdU-positive cells per NSC clone,EdU+ cells per clone,5,ND42 X Lsd2,Complex I,enzyme,TRUE,session_29,b341
Fig_S9A,EdU-positive cells per NSC clone,EdU+ cells per clone,7,ND42 X Lsd2,Complex I,enzyme,TRUE,session_29,b341
Fig_S9A,EdU-positive cells per NSC clone,EdU+ cells per clone,4,ND42 X Lsd2,Complex I,enzyme,TRUE,session_29,b341
Fig_S9A,EdU-positive cells per NSC clone,EdU+ cells per clone,4,ND42 X Lsd2,Complex I,enzyme,TRUE,session_29,b341
Fig_S9A,EdU-positive cells per NSC clone,EdU+ cells per clone,5,ND42 X Lsd2,Complex I,enzyme,TRUE,session_29,b341
Fig_S9A,EdU-positive cells per NSC clone,EdU+ cells per clone,7,ND42 X Lsd2,Complex I,enzyme,TRUE,session_29,b342
Fig_S9A,EdU-positive cells per NSC clone,EdU+ cells per clone,5,ND42 X Lsd2,Complex I,enzyme,TRUE,session_29,b342
Fig_S9A,EdU-positive cells per NSC clone,EdU+ cells per clone,10,ND42 X Lsd2,Complex I,enzyme,TRUE,session_29,b342
Fig_S9A,EdU-positive cells per NSC clone,EdU+ cells per clone,5,ND42 X Lsd2,Complex I,enzyme,TRUE,session_29,b342
Fig_S9A,EdU-positive cells per NSC clone,EdU+ cells per clone,7,ND42 X Lsd2,Complex I,enzyme,TRUE,session_29,b343
Fig_S9A,EdU-positive cells per NSC clone,EdU+ cells per clone,7,ND42 X Lsd2,Complex I,enzyme,TRUE,session_29,b343
Fig_S9A,EdU-positive cells per NSC clone,EdU+ cells per clone,5,ND42 X Lsd2,Complex I,enzyme,TRUE,session_29,b343
Fig_S9A,EdU-positive cells per NSC clone,EdU+ cells per clone,5,ND42 X Lsd2,Complex I,enzyme,TRUE,session_29,b344
Fig_S9A,EdU-positive cells per NSC clone,EdU+ cells per clone,5,ND42 X Pld,Complex I,enzyme,TRUE,session_35,b345
Fig_S9A,EdU-positive cells per NSC clone,EdU+ cells per clone,5,ND42 X Pld,Complex I,enzyme,TRUE,session_35,b345
Fig_S9A,EdU-positive cells per NSC clone,EdU+ cells per clone,4,ND42 X Pld,Complex I,enzyme,TRUE,session_35,b345
Fig_S9A,EdU-positive cells per NSC clone,EdU+ cells per clone,4,ND42 X Pld,Complex I,enzyme,TRUE,session_35,b345
Fig_S9A,EdU-positive cells per NSC clone,EdU+ cells per clone,4,ND42 X Pld,Complex I,enzyme,TRUE,session_35,b345
Fig_S9A,EdU-positive cells per NSC clone,EdU+ cells per clone,3,ND42 X Pld,Complex I,enzyme,TRUE,session_35,b346
Fig_S9A,EdU-positive cells per NSC clone,EdU+ cells per clone,6,ND42 X Pld,Complex I,enzyme,TRUE,session_35,b346
Fig_S9A,EdU-positive cells per NSC clone,EdU+ cells per clone,8,ND42 X Pld,Complex I,enzyme,TRUE,session_35,b346
Fig_S9A,EdU-positive cells per NSC clone,EdU+ cells per clone,7,ND42 X Pld,Complex I,enzyme,TRUE,session_35,b346
Fig_S9A,EdU-positive cells per NSC clone,EdU+ cells per clone,4,ND42 X Pld,Complex I,enzyme,TRUE,session_35,b347
Fig_S9A,EdU-positive cells per NSC clone,EdU+ cells per clone,7,ND42 X Pld,Complex I,enzyme,TRUE,session_35,b347
Fig_S9A,EdU-positive cells per NSC clone,EdU+ cells per clone,7,ND42 X Pld,Complex I,enzyme,TRUE,session_35,b347
Fig_S9A,EdU-positive cells per NSC clone,EdU+ cells per clone,7,ND42 X Pld,Complex I,enzyme,TRUE,session_35,b348
Fig_S9A,EdU-positive cells per NSC clone,EdU+ cells per clone,6,ND42 X Pld,Complex I,enzyme,TRUE,session_35,b348
Fig_S9A,EdU-positive cells per NSC clone,EdU+ cells per clone,5,ND42 X Pld,Complex I,enzyme,TRUE,session_35,b348
Fig_S9A,EdU-positive cells per NSC clone,EdU+ cells per clone,7,ND42 X Pld,Complex I,enzyme,TRUE,session_35,b348
Fig_S9A,EdU-positive cells per NSC clone,EdU+ cells per clone,3,ND42 X Pld,Complex I,enzyme,TRUE,session_35,b349
Fig_S9A,EdU-positive cells per NSC clone,EdU+ cells per clone,8,ND42 X Pld,Complex I,enzyme,TRUE,session_35,b350
Fig_S9A,EdU-positive cells per NSC clone,EdU+ cells per clone,4,ND42 X Pld,Complex I,enzyme,TRUE,session_40,b351
Fig_S9A,EdU-positive cells per NSC clone,EdU+ cells per clone,5,ND42 X Pld,Complex I,enzyme,TRUE,session_40,b351
Fig_S9A,EdU-positive cells per NSC clone,EdU+ cells per clone,6,ND42 X Pld,Complex I,enzyme,TRUE,session_40,b351
Fig_S9A,EdU-positive cells per NSC clone,EdU+ cells per clone,5,ND42 X Pld,Complex I,enzyme,TRUE,session_40,b352
Fig_S9A,EdU-positive cells per NSC clone,EdU+ cells per clone,5,ND42 X Pld,Complex I,enzyme,TRUE,session_40,b352
Fig_S9A,EdU-positive cells per NSC clone,EdU+ cells per clone,8,mCherry X ATPsynO,Control,enzyme,FALSE,session_09,b353
Fig_S9A,EdU-positive cells per NSC clone,EdU+ cells per clone,7,mCherry X ATPsynO,Control,enzyme,FALSE,session_09,b353
Fig_S9A,EdU-positive cells per NSC clone,EdU+ cells per clone,9,mCherry X ATPsynO,Control,enzyme,FALSE,session_09,b353
Fig_S9A,EdU-positive cells per NSC clone,EdU+ cells per clone,10,mCherry X ATPsynO,Control,enzyme,FALSE,session_09,b353
Fig_S9A,EdU-positive cells per NSC clone,EdU+ cells per clone,10,mCherry X ATPsynO,Control,enzyme,FALSE,session_09,b353
Fig_S9A,EdU-positive cells per NSC clone,EdU+ cells per clone,9,mCherry X ATPsynO,Control,enzyme,FALSE,session_09,b354
Fig_S9A,EdU-positive cells per NSC clone,EdU+ cells per clone,8,mCherry X ATPsynO,Control,enzyme,FALSE,session_09,b354
Fig_S9A,EdU-positive cells per NSC clone,EdU+ cells per clone,5,mCherry X ATPsynO,Control,enzyme,FALSE,session_09,b354
Fig_S9A,EdU-positive cells per NSC clone,EdU+ cells per clone,7,mCherry X ATPsynO,Control,enzyme,FALSE,session_09,b354
Fig_S9A,EdU-positive cells per NSC clone,EdU+ cells per clone,9,mCherry X ATPsynO,Control,enzyme,FALSE,session_09,b354
Fig_S9A,EdU-positive cells per NSC clone,EdU+ cells per clone,6,mCherry X ATPsynO,Control,enzyme,FALSE,session_09,b355
Fig_S9A,EdU-positive cells per NSC clone,EdU+ cells per clone,6,mCherry X ATPsynO,Control,enzyme,FALSE,session_09,b355
Fig_S9A,EdU-positive cells per NSC clone,EdU+ cells per clone,8,mCherry X ATPsynO,Control,enzyme,FALSE,session_09,b355
Fig_S9A,EdU-positive cells per NSC clone,EdU+ cells per clone,6,mCherry X ATPsynO,Control,enzyme,FALSE,session_09,b355
Fig_S9A,EdU-positive cells per NSC clone,EdU+ cells per clone,5,mCherry X ATPsynO,Control,enzyme,FALSE,session_09,b355
Fig_S9A,EdU-positive cells per NSC clone,EdU+ cells per clone,7,mCherry X ATPsynO,Control,enzyme,FALSE,session_09,b356
Fig_S9A,EdU-positive cells per NSC clone,EdU+ cells per clone,3,mCherry X ATPsynO,Control,enzyme,FALSE,session_09,b356
Fig_S9A,EdU-positive cells per NSC clone,EdU+ cells per clone,8,mCherry X ATPsynO,Control,enzyme,FALSE,session_09,b357
Fig_S9A,EdU-positive cells per NSC clone,EdU+ cells per clone,7,mCherry X ATPsynO,Control,enzyme,FALSE,session_09,b357
Fig_S9A,EdU-positive cells per NSC clone,EdU+ cells per clone,7,mCherry X ATPsynO,Control,enzyme,FALSE,session_09,b357
Fig_S9A,EdU-positive cells per NSC clone,EdU+ cells per clone,9,mCherry X ATPsynO,Control,enzyme,FALSE,session_09,b357
Fig_S9A,EdU-positive cells per NSC clone,EdU+ cells per clone,7,mCherry X ATPsynO,Control,enzyme,FALSE,session_09,b357
Fig_S9A,EdU-positive cells per NSC clone,EdU+ cells per clone,7,mCherry X ATPsynO,Control,enzyme,FALSE,session_09,b357
Fig_S9A,EdU-positive cells per NSC clone,EdU+ cells per clone,6,mCherry X ATPsynO,Control,enzyme,FALSE,session_09,b358
Fig_S9A,EdU-positive cells per NSC clone,EdU+ cells per clone,4,mCherry X ATPsynO,Control,enzyme,FALSE,session_09,b358
Fig_S9A,EdU-positive cells per NSC clone,EdU+ cells per clone,5,mCherry X ATPsynO,Control,enzyme,FALSE,session_09,b359
Fig_S9A,EdU-positive cells per NSC clone,EdU+ cells per clone,5,mCherry X ATPsynO,Control,enzyme,FALSE,session_09,b359
Fig_S9A,EdU-positive cells per NSC clone,EdU+ cells per clone,6,mCherry X ATPsynO,Control,enzyme,FALSE,session_09,b359
Fig_S9A,EdU-positive cells per NSC clone,EdU+ cells per clone,5,mCherry X ND42,Control,enzyme,FALSE,session_09,b360
Fig_S9A,EdU-positive cells per NSC clone,EdU+ cells per clone,3,mCherry X ND42,Control,enzyme,FALSE,session_09,b360
Fig_S9A,EdU-positive cells per NSC clone,EdU+ cells per clone,5,mCherry X ND42,Control,enzyme,FALSE,session_09,b360
Fig_S9A,EdU-positive cells per NSC clone,EdU+ cells per clone,7,mCherry X ND42,Control,enzyme,FALSE,session_09,b361
Fig_S9A,EdU-positive cells per NSC clone,EdU+ cells per clone,6,mCherry X ND42,Control,enzyme,FALSE,session_09,b361
Fig_S9A,EdU-positive cells per NSC clone,EdU+ cells per clone,9,mCherry X ND42,Control,enzyme,FALSE,session_09,b361
Fig_S9A,EdU-positive cells per NSC clone,EdU+ cells per clone,8,mCherry X ND42,Control,enzyme,FALSE,session_09,b361
Fig_S9A,EdU-positive cells per NSC clone,EdU+ cells per clone,4,mCherry X ND42,Control,enzyme,FALSE,session_09,b361
Fig_S9A,EdU-positive cells per NSC clone,EdU+ cells per clone,8,mCherry X ND42,Control,enzyme,FALSE,session_09,b361
Fig_S9A,EdU-positive cells per NSC clone,EdU+ cells per clone,9,mCherry X ND42,Control,enzyme,FALSE,session_09,b361
Fig_S9A,EdU-positive cells per NSC clone,EdU+ cells per clone,6,mCherry X ND42,Control,enzyme,FALSE,session_09,b362
Fig_S9A,EdU-positive cells per NSC clone,EdU+ cells per clone,4,mCherry X ND42,Control,enzyme,FALSE,session_09,b362
Fig_S9A,EdU-positive cells per NSC clone,EdU+ cells per clone,7,mCherry X ND42,Control,enzyme,FALSE,session_09,b362
Fig_S9A,EdU-positive cells per NSC clone,EdU+ cells per clone,6,mCherry X ND42,Control,enzyme,FALSE,session_09,b362
Fig_S9A,EdU-positive cells per NSC clone,EdU+ cells per clone,7,mCherry X ND42,Control,enzyme,FALSE,session_09,b362
Fig_S9A,EdU-positive cells per NSC clone,EdU+ cells per clone,8,mCherry X ND42,Control,enzyme,FALSE,session_09,b363
Fig_S9A,EdU-positive cells per NSC clone,EdU+ cells per clone,6,mCherry X ND42,Control,enzyme,FALSE,session_09,b363
Fig_S9A,EdU-positive cells per NSC clone,EdU+ cells per clone,8,mCherry X ND42,Control,enzyme,FALSE,session_09,b363
Fig_S9A,EdU-positive cells per NSC clone,EdU+ cells per clone,5,mCherry X ND42,Control,enzyme,FALSE,session_09,b363
Fig_S9A,EdU-positive cells per NSC clone,EdU+ cells per clone,6,mCherry X ND42,Control,enzyme,FALSE,session_09,b363
Fig_S9A,EdU-positive cells per NSC clone,EdU+ cells per clone,6,mCherry X ND42,Control,enzyme,FALSE,session_09,b363
Fig_S9A,EdU-positive cells per NSC clone,EdU+ cells per clone,7,mCherry X ND42,Control,enzyme,FALSE,session_10,b364
Fig_S9A,EdU-positive cells per NSC clone,EdU+ cells per clone,5,mCherry X ND42,Control,enzyme,FALSE,session_10,b364
Fig_S9A,EdU-positive cells per NSC clone,EdU+ cells per clone,6,mCherry X ND42,Control,enzyme,FALSE,session_10,b364
Fig_S9A,EdU-positive cells per NSC clone,EdU+ cells per clone,5,mCherry X ND42,Control,enzyme,FALSE,session_10,b364
Fig_S9A,EdU-positive cells per NSC clone,EdU+ cells per clone,6,mCherry X ND42,Control,enzyme,FALSE,session_10,b364
Fig_S9A,EdU-positive cells per NSC clone,EdU+ cells per clone,7,mCherry X ND42,Control,enzyme,FALSE,session_10,b364
Fig_5E,EdU-positive cells per NSC clone,EdU+ cells per clone,7,LDH x mCherry,Control,enzyme,FALSE,undated,b365
Fig_5E,EdU-positive cells per NSC clone,EdU+ cells per clone,10,LDH x mCherry,Control,enzyme,FALSE,undated,b365
Fig_5E,EdU-positive cells per NSC clone,EdU+ cells per clone,8,LDH x mCherry,Control,enzyme,FALSE,undated,b365
Fig_5E,EdU-positive cells per NSC clone,EdU+ cells per clone,9,LDH x mCherry,Control,enzyme,FALSE,undated,b365
Fig_5E,EdU-positive cells per NSC clone,EdU+ cells per clone,5,LDH x mCherry,Control,enzyme,FALSE,session_36,b366
Fig_5E,EdU-positive cells per NSC clone,EdU+ cells per clone,11,LDH x mCherry,Control,enzyme,FALSE,session_36,b366
Fig_5E,EdU-positive cells per NSC clone,EdU+ cells per clone,6,LDH x mCherry,Control,enzyme,FALSE,session_36,b366
Fig_5E,EdU-positive cells per NSC clone,EdU+ cells per clone,7,LDH x mCherry,Control,enzyme,FALSE,session_36,b366
Fig_5E,EdU-positive cells per NSC clone,EdU+ cells per clone,10,LDH x mCherry,Control,enzyme,FALSE,session_36,b366
Fig_5E,EdU-positive cells per NSC clone,EdU+ cells per clone,10,LDH x mCherry,Control,enzyme,FALSE,session_13,b367
Fig_5E,EdU-positive cells per NSC clone,EdU+ cells per clone,13,LDH x mCherry,Control,enzyme,FALSE,session_13,b367
Fig_5E,EdU-positive cells per NSC clone,EdU+ cells per clone,9,LDH x mCherry,Control,enzyme,FALSE,session_13,b367
Fig_5E,EdU-positive cells per NSC clone,EdU+ cells per clone,10,LDH x mCherry,Control,enzyme,FALSE,session_14,b368
Fig_5E,EdU-positive cells per NSC clone,EdU+ cells per clone,10,LDH x mCherry,Control,enzyme,FALSE,session_14,b368
Fig_5E,EdU-positive cells per NSC clone,EdU+ cells per clone,11,LDH x mCherry,Control,enzyme,FALSE,session_14,b368
Fig_5E,EdU-positive cells per NSC clone,EdU+ cells per clone,8,LDH x mCherry,Control,enzyme,FALSE,session_14,b368
Fig_5E,EdU-positive cells per NSC clone,EdU+ cells per clone,10,LDH x mCherry,Control,enzyme,FALSE,session_14,b368
Fig_5E,EdU-positive cells per NSC clone,EdU+ cells per clone,7,LDH x mCherry,Control,enzyme,FALSE,session_14,b368
Fig_5E,EdU-positive cells per NSC clone,EdU+ cells per clone,10,LDH x mCherry,Control,enzyme,FALSE,session_14,b369
Fig_5E,EdU-positive cells per NSC clone,EdU+ cells per clone,7,LDH x mCherry,Control,enzyme,FALSE,session_14,b369
Fig_5E,EdU-positive cells per NSC clone,EdU+ cells per clone,6,LDH x mCherry,Control,enzyme,FALSE,session_14,b369
Fig_5E,EdU-positive cells per NSC clone,EdU+ cells per clone,11,LDH x mCherry,Control,enzyme,FALSE,session_14,b369
Fig_5E,EdU-positive cells per NSC clone,EdU+ cells per clone,6,LDH x mCherry,Control,enzyme,FALSE,session_14,b369
Fig_5E,EdU-positive cells per NSC clone,EdU+ cells per clone,10,LDH x mCherry,Control,enzyme,FALSE,session_03,b370
Fig_5E,EdU-positive cells per NSC clone,EdU+ cells per clone,6,LDH x mCherry,Control,enzyme,FALSE,session_03,b370
Fig_5E,EdU-positive cells per NSC clone,EdU+ cells per clone,6,LDH x mCherry,Control,enzyme,FALSE,session_03,b370
Fig_5E,EdU-positive cells per NSC clone,EdU+ cells per clone,6,LDH x mCherry,Control,enzyme,FALSE,session_03,b370
Fig_5E,EdU-positive cells per NSC clone,EdU+ cells per clone,9,LDH x mCherry,Control,enzyme,FALSE,session_03,b370
Fig_5E,EdU-positive cells per NSC clone,EdU+ cells per clone,6,LDH x mCherry,Control,enzyme,FALSE,session_03,b371
Fig_5E,EdU-positive cells per NSC clone,EdU+ cells per clone,8,LDH x mCherry,Control,enzyme,FALSE,session_03,b371
Fig_5E,EdU-positive cells per NSC clone,EdU+ cells per clone,6,LDH x mCherry,Control,enzyme,FALSE,session_03,b371
Fig_5E,EdU-positive cells per NSC clone,EdU+ cells per clone,6,LDH x mCherry,Control,enzyme,FALSE,session_03,b372
Fig_5E,EdU-positive cells per NSC clone,EdU+ cells per clone,4,LDH x mCherry,Control,enzyme,FALSE,session_03,b372
Fig_5E,EdU-positive cells per NSC clone,EdU+ cells per clone,4,LDH x mCherry,Control,enzyme,FALSE,session_03,b372
Fig_5E,EdU-positive cells per NSC clone,EdU+ cells per clone,7,LDH x mCherry,Control,enzyme,FALSE,session_03,b372
Fig_5E,EdU-positive cells per NSC clone,EdU+ cells per clone,9,LDH x mCherry,Control,enzyme,FALSE,session_03,b373
Fig_5E,EdU-positive cells per NSC clone,EdU+ cells per clone,8,LDH x mCherry,Control,enzyme,FALSE,session_03,b373
Fig_5E,EdU-positive cells per NSC clone,EdU+ cells per clone,9,LDH x mCherry,Control,enzyme,FALSE,session_03,b373
Fig_5E,EdU-positive cells per NSC clone,EdU+ cells per clone,13,LDH x mCherry,Control,enzyme,FALSE,session_03,b373
Fig_5E,EdU-positive cells per NSC clone,EdU+ cells per clone,8,LDH x mCherry,Control,enzyme,FALSE,session_03,b373
Fig_5E,EdU-positive cells per NSC clone,EdU+ cells per clone,9,LDH x mCherry,Control,enzyme,FALSE,session_03,b374
Fig_5E,EdU-positive cells per NSC clone,EdU+ cells per clone,7,LDH x mCherry,Control,enzyme,FALSE,session_03,b374
Fig_5E,EdU-positive cells per NSC clone,EdU+ cells per clone,11,LDH x mCherry,Control,enzyme,FALSE,session_03,b374
Fig_5E,EdU-positive cells per NSC clone,EdU+ cells per clone,5,LDH x mCherry,Control,enzyme,FALSE,session_03,b374
Fig_5E,EdU-positive cells per NSC clone,EdU+ cells per clone,7,LDH x mCherry,Control,enzyme,FALSE,session_03,b374
Fig_5E,EdU-positive cells per NSC clone,EdU+ cells per clone,7,LDH x mCherry,Control,enzyme,FALSE,session_03,b374
Fig_5E,EdU-positive cells per NSC clone,EdU+ cells per clone,8,LDH x mCherry,Control,enzyme,FALSE,session_03,b374
Fig_5E,EdU-positive cells per NSC clone,EdU+ cells per clone,10,LDH x mCherry,Control,enzyme,FALSE,session_03,b374
Fig_5E,EdU-positive cells per NSC clone,EdU+ cells per clone,9,LDH x mCherry,Control,enzyme,FALSE,session_03,b374
Fig_5E,EdU-positive cells per NSC clone,EdU+ cells per clone,11,LDH x mCherry,Control,enzyme,FALSE,session_03,b375
Fig_5E,EdU-positive cells per NSC clone,EdU+ cells per clone,5,LDH x mCherry,Control,enzyme,FALSE,session_03,b375
Fig_5E,EdU-positive cells per NSC clone,EdU+ cells per clone,6,LDH x mCherry,Control,enzyme,FALSE,session_04,b376
Fig_5E,EdU-positive cells per NSC clone,EdU+ cells per clone,13,LDH x mCherry,Control,enzyme,FALSE,session_04,b376
Fig_5E,EdU-positive cells per NSC clone,EdU+ cells per clone,7,LDH x mCherry,Control,enzyme,FALSE,session_04,b376
Fig_5E,EdU-positive cells per NSC clone,EdU+ cells per clone,10,LDH x mCherry,Control,enzyme,FALSE,session_04,b376
Fig_5E,EdU-positive cells per NSC clone,EdU+ cells per clone,11,LDH x mCherry,Control,enzyme,FALSE,session_04,b376
Fig_5E,EdU-positive cells per NSC clone,EdU+ cells per clone,6,LDH x mCherry,Control,enzyme,FALSE,session_04,b376
Fig_5E,EdU-positive cells per NSC clone,EdU+ cells per clone,7,LDH x mCherry,Control,enzyme,FALSE,session_04,b376
Fig_S9I,EdU-positive cells per NSC clone,EdU+ cells per clone,13,LBNOX X ND42,Complex I,enzyme,FALSE,undated,b377
Fig_S9I,EdU-positive cells per NSC clone,EdU+ cells per clone,8,LBNOX X ND42,Complex I,enzyme,FALSE,undated,b377
Fig_S9I,EdU-positive cells per NSC clone,EdU+ cells per clone,11,LBNOX X ND42,Complex I,enzyme,FALSE,undated,b377
Fig_S9I,EdU-positive cells per NSC clone,EdU+ cells per clone,8,LBNOX X ND42,Complex I,enzyme,FALSE,undated,b377
Fig_S9I,EdU-positive cells per NSC clone,EdU+ cells per clone,9,LBNOX X ND42,Complex I,enzyme,FALSE,undated,b377
Fig_S9I,EdU-positive cells per NSC clone,EdU+ cells per clone,5,LBNOX X ND42,Complex I,enzyme,FALSE,undated,b377
Fig_S9I,EdU-positive cells per NSC clone,EdU+ cells per clone,8,LBNOX X ND42,Complex I,enzyme,FALSE,undated,b377
Fig_S9I,EdU-positive cells per NSC clone,EdU+ cells per clone,8,LBNOX X ND42,Complex I,enzyme,FALSE,undated,b377
Fig_S9I,EdU-positive cells per NSC clone,EdU+ cells per clone,6,LBNOX X ND42,Complex I,enzyme,FALSE,session_13,b378
Fig_S9I,EdU-positive cells per NSC clone,EdU+ cells per clone,5,LBNOX X ND42,Complex I,enzyme,FALSE,session_13,b378
Fig_S9I,EdU-positive cells per NSC clone,EdU+ cells per clone,7,LBNOX X ND42,Complex I,enzyme,FALSE,session_13,b378
Fig_S9I,EdU-positive cells per NSC clone,EdU+ cells per clone,9,LBNOX X ND42,Complex I,enzyme,FALSE,session_13,b378
Fig_S9I,EdU-positive cells per NSC clone,EdU+ cells per clone,11,LBNOX X ND42,Complex I,enzyme,FALSE,session_13,b379
Fig_S9I,EdU-positive cells per NSC clone,EdU+ cells per clone,13,LBNOX X ND42,Complex I,enzyme,FALSE,session_41,b380
Fig_S9I,EdU-positive cells per NSC clone,EdU+ cells per clone,9,LBNOX X ND42,Complex I,enzyme,FALSE,session_41,b380
Fig_S9I,EdU-positive cells per NSC clone,EdU+ cells per clone,11,LBNOX X ND42,Complex I,enzyme,FALSE,session_41,b380
Fig_S9I,EdU-positive cells per NSC clone,EdU+ cells per clone,5,LBNOX X ND42,Complex I,enzyme,FALSE,session_41,b380
Fig_S9I,EdU-positive cells per NSC clone,EdU+ cells per clone,7,LBNOX X ND42,Complex I,enzyme,FALSE,session_41,b380
Fig_S9I,EdU-positive cells per NSC clone,EdU+ cells per clone,3,LBNOX X ND42,Complex I,enzyme,FALSE,session_41,b380
Fig_S9I,EdU-positive cells per NSC clone,EdU+ cells per clone,8,LBNOX X ND42,Complex I,enzyme,FALSE,session_41,b380
Fig_S9I,EdU-positive cells per NSC clone,EdU+ cells per clone,5,LBNOX X ND42,Complex I,enzyme,FALSE,session_42,b381
Fig_S9I,EdU-positive cells per NSC clone,EdU+ cells per clone,7,LBNOX X ND42,Complex I,enzyme,FALSE,session_42,b381
Fig_S9I,EdU-positive cells per NSC clone,EdU+ cells per clone,4,LBNOX X ND42,Complex I,enzyme,FALSE,session_42,b381
Fig_S9I,EdU-positive cells per NSC clone,EdU+ cells per clone,13,LBNOX X ND42,Complex I,enzyme,FALSE,session_14,b382
Fig_S9I,EdU-positive cells per NSC clone,EdU+ cells per clone,8,LBNOX X ND42,Complex I,enzyme,FALSE,session_14,b382
Fig_S9I,EdU-positive cells per NSC clone,EdU+ cells per clone,7,LBNOX X ND42,Complex I,enzyme,FALSE,session_14,b382
Fig_S9I,EdU-positive cells per NSC clone,EdU+ cells per clone,11,LBNOX X ND42,Complex I,enzyme,FALSE,session_14,b382
Fig_S9I,EdU-positive cells per NSC clone,EdU+ cells per clone,11,LBNOX X ND42,Complex I,enzyme,FALSE,session_14,b382
Fig_S9I,EdU-positive cells per NSC clone,EdU+ cells per clone,11,LBNOX X ND42,Complex I,enzyme,FALSE,session_03,b383
Fig_S9I,EdU-positive cells per NSC clone,EdU+ cells per clone,8,LBNOX X ND42,Complex I,enzyme,FALSE,session_03,b383
Fig_S9I,EdU-positive cells per NSC clone,EdU+ cells per clone,8,LBNOX X ND42,Complex I,enzyme,FALSE,session_03,b383
Fig_S9I,EdU-positive cells per NSC clone,EdU+ cells per clone,10,LBNOX X ND42,Complex I,enzyme,FALSE,session_03,b383
Fig_S9I,EdU-positive cells per NSC clone,EdU+ cells per clone,4,LBNOX X ND42,Complex I,enzyme,FALSE,session_03,b383
Fig_S9I,EdU-positive cells per NSC clone,EdU+ cells per clone,8,LBNOX X ND42,Complex I,enzyme,FALSE,session_03,b383
Fig_S9I,EdU-positive cells per NSC clone,EdU+ cells per clone,12,mCherry X Lbnox,Control,enzyme,FALSE,undated,b384
Fig_S9I,EdU-positive cells per NSC clone,EdU+ cells per clone,7,mCherry X Lbnox,Control,enzyme,FALSE,undated,b384
Fig_S9I,EdU-positive cells per NSC clone,EdU+ cells per clone,7,mCherry X Lbnox,Control,enzyme,FALSE,undated,b384
Fig_S9I,EdU-positive cells per NSC clone,EdU+ cells per clone,7,mCherry X Lbnox,Control,enzyme,FALSE,undated,b384
Fig_S9I,EdU-positive cells per NSC clone,EdU+ cells per clone,7,mCherry X Lbnox,Control,enzyme,FALSE,undated,b385
Fig_S9I,EdU-positive cells per NSC clone,EdU+ cells per clone,5,mCherry X Lbnox,Control,enzyme,FALSE,undated,b385
Fig_S9I,EdU-positive cells per NSC clone,EdU+ cells per clone,3,mCherry X Lbnox,Control,enzyme,FALSE,undated,b385
Fig_S9I,EdU-positive cells per NSC clone,EdU+ cells per clone,7,mCherry X Lbnox,Control,enzyme,FALSE,undated,b385
Fig_S9I,EdU-positive cells per NSC clone,EdU+ cells per clone,6,mCherry X Lbnox,Control,enzyme,FALSE,undated,b386
Fig_S9I,EdU-positive cells per NSC clone,EdU+ cells per clone,11,mCherry X Lbnox,Control,enzyme,FALSE,undated,b386
Fig_S9I,EdU-positive cells per NSC clone,EdU+ cells per clone,5,mCherry X Lbnox,Control,enzyme,FALSE,undated,b386
Fig_S9I,EdU-positive cells per NSC clone,EdU+ cells per clone,5,mCherry X Lbnox,Control,enzyme,FALSE,undated,b386
Fig_S9I,EdU-positive cells per NSC clone,EdU+ cells per clone,7,mCherry X Lbnox,Control,enzyme,FALSE,undated,b386
Fig_S9I,EdU-positive cells per NSC clone,EdU+ cells per clone,8,mCherry X Lbnox,Control,enzyme,FALSE,undated,b386
Fig_S9I,EdU-positive cells per NSC clone,EdU+ cells per clone,9,mCherry X Lbnox,Control,enzyme,FALSE,undated,b386
Fig_S9I,EdU-positive cells per NSC clone,EdU+ cells per clone,5,mCherry X Lbnox,Control,enzyme,FALSE,undated,b386
Fig_S9I,EdU-positive cells per NSC clone,EdU+ cells per clone,7,mCherry X Lbnox,Control,enzyme,FALSE,undated,b386
Fig_S9I,EdU-positive cells per NSC clone,EdU+ cells per clone,5,mCherry X Lbnox,Control,enzyme,FALSE,session_04,b387
Fig_S9I,EdU-positive cells per NSC clone,EdU+ cells per clone,8,mCherry X Lbnox,Control,enzyme,FALSE,session_04,b387
Fig_S9I,EdU-positive cells per NSC clone,EdU+ cells per clone,6,mCherry X Lbnox,Control,enzyme,FALSE,session_04,b387
Fig_S9I,EdU-positive cells per NSC clone,EdU+ cells per clone,7,mCherry X Lbnox,Control,enzyme,FALSE,session_04,b387
Fig_S9I,EdU-positive cells per NSC clone,EdU+ cells per clone,7,mCherry X Lbnox,Control,enzyme,FALSE,session_04,b387
Fig_S9I,EdU-positive cells per NSC clone,EdU+ cells per clone,4,mCherry X Lbnox,Control,enzyme,FALSE,session_04,b388
Fig_S9I,EdU-positive cells per NSC clone,EdU+ cells per clone,5,mCherry X Lbnox,Control,enzyme,FALSE,session_04,b388
Fig_S9I,EdU-positive cells per NSC clone,EdU+ cells per clone,5,mCherry X Lbnox,Control,enzyme,FALSE,session_04,b388
Fig_S9I,EdU-positive cells per NSC clone,EdU+ cells per clone,10,mCherry X Lbnox,Control,enzyme,FALSE,session_04,b389
Fig_S9I,EdU-positive cells per NSC clone,EdU+ cells per clone,4,mCherry X Lbnox,Control,enzyme,FALSE,session_04,b389
Fig_S9I,EdU-positive cells per NSC clone,EdU+ cells per clone,8,mCherry X Lbnox,Control,enzyme,FALSE,session_04,b389
Fig_S9I,EdU-positive cells per NSC clone,EdU+ cells per clone,6,mCherry X Lbnox,Control,enzyme,FALSE,session_04,b389
Fig_S9I,EdU-positive cells per NSC clone,EdU+ cells per clone,8,mCherry X Lbnox,Control,enzyme,FALSE,session_04,b389
Fig_S9I,EdU-positive cells per NSC clone,EdU+ cells per clone,10,mCherry X Lbnox,Control,enzyme,FALSE,session_04,b390
Fig_S9I,EdU-positive cells per NSC clone,EdU+ cells per clone,7,mCherry X Lbnox,Control,enzyme,FALSE,session_04,b390
Fig_S9I,EdU-positive cells per NSC clone,EdU+ cells per clone,8,mCherry X Lbnox,Control,enzyme,FALSE,session_04,b390
Fig_S9I,EdU-positive cells per NSC clone,EdU+ cells per clone,6,mCherry X Lbnox,Control,enzyme,FALSE,session_04,b390
Fig_S9I,EdU-positive cells per NSC clone,EdU+ cells per clone,6,mCherry X Lbnox,Control,enzyme,FALSE,session_04,b390
Fig_S9I,EdU-positive cells per NSC clone,EdU+ cells per clone,7,mCherry X Lbnox,Control,enzyme,FALSE,session_04,b390
Fig_S9I,EdU-positive cells per NSC clone,EdU+ cells per clone,9,mCherry X Lbnox,Control,enzyme,FALSE,session_04,b391
Fig_S9I,EdU-positive cells per NSC clone,EdU+ cells per clone,7,mCherry X Lbnox,Control,enzyme,FALSE,session_04,b391
Fig_S9I,EdU-positive cells per NSC clone,EdU+ cells per clone,7,mCherry X Lbnox,Control,enzyme,FALSE,session_04,b391
Fig_S9I,EdU-positive cells per NSC clone,EdU+ cells per clone,8,mCherry X Lbnox,Control,enzyme,FALSE,session_04,b391
Fig_S9I,EdU-positive cells per NSC clone,EdU+ cells per clone,8,mCherry X Lbnox,Control,enzyme,FALSE,session_04,b391
Fig_S9I,EdU-positive cells per NSC clone,EdU+ cells per clone,11,mCherry X Lbnox,Control,enzyme,FALSE,session_04,b391
Fig_S9I,EdU-positive cells per NSC clone,EdU+ cells per clone,8,mCherry X Lbnox,Control,enzyme,FALSE,session_43,b392
Fig_S9I,EdU-positive cells per NSC clone,EdU+ cells per clone,6,mCherry X Lbnox,Control,enzyme,FALSE,session_43,b392
Fig_S9I,EdU-positive cells per NSC clone,EdU+ cells per clone,6,mCherry X Lbnox,Control,enzyme,FALSE,session_43,b392
Fig_S9I,EdU-positive cells per NSC clone,EdU+ cells per clone,5,mCherry X Lbnox,Control,enzyme,FALSE,session_43,b392
Fig_S9I,EdU-positive cells per NSC clone,EdU+ cells per clone,5,mCherry X Lbnox,Control,enzyme,FALSE,session_43,b392
Fig_S9I,EdU-positive cells per NSC clone,EdU+ cells per clone,8,mCherry X Lbnox,Control,enzyme,FALSE,session_43,b393
Fig_S9I,EdU-positive cells per NSC clone,EdU+ cells per clone,7,mCherry X Lbnox,Control,enzyme,FALSE,session_43,b393
Fig_S9I,EdU-positive cells per NSC clone,EdU+ cells per clone,10,mCherry X Lbnox,Control,enzyme,FALSE,session_43,b393
Fig_S9I,EdU-positive cells per NSC clone,EdU+ cells per clone,6,mCherry X Lbnox,Control,enzyme,FALSE,session_43,b393
Fig_S9I,EdU-positive cells per NSC clone,EdU+ cells per clone,4,mCherry X Lbnox,Control,enzyme,FALSE,session_43,b393
Fig_S9I,EdU-positive cells per NSC clone,EdU+ cells per clone,5,mCherry X Lbnox,Control,enzyme,FALSE,session_43,b393
Fig_S9I,EdU-positive cells per NSC clone,EdU+ cells per clone,8,mCherry X Lbnox,Control,enzyme,FALSE,session_43,b394
Fig_S9I,EdU-positive cells per NSC clone,EdU+ cells per clone,5,mCherry X Lbnox,Control,enzyme,FALSE,session_43,b394
Fig_S9I,EdU-positive cells per NSC clone,EdU+ cells per clone,7,mCherry X Lbnox,Control,enzyme,FALSE,session_43,b394
Fig_S9I,EdU-positive cells per NSC clone,EdU+ cells per clone,7,mCherry X Lbnox,Control,enzyme,FALSE,session_43,b394
Fig_S9I,EdU-positive cells per NSC clone,EdU+ cells per clone,5,mCherry X Lbnox,Control,enzyme,FALSE,session_43,b394
Fig_S9I,EdU-positive cells per NSC clone,EdU+ cells per clone,8,mCherry X Lbnox,Control,enzyme,FALSE,session_43,b394
Fig_5E,EdU-positive cells per NSC clone,EdU+ cells per clone,4,ND42 X LbNOX;Ldh,Complex I,enzyme,FALSE,session_16,b395
Fig_5E,EdU-positive cells per NSC clone,EdU+ cells per clone,9,ND42 X LbNOX;Ldh,Complex I,enzyme,FALSE,session_16,b395
Fig_5E,EdU-positive cells per NSC clone,EdU+ cells per clone,10,ND42 X LbNOX;Ldh,Complex I,enzyme,FALSE,session_16,b395
Fig_5E,EdU-positive cells per NSC clone,EdU+ cells per clone,6,ND42 X LbNOX;Ldh,Complex I,enzyme,FALSE,session_16,b395
Fig_5E,EdU-positive cells per NSC clone,EdU+ cells per clone,6,ND42 X LbNOX;Ldh,Complex I,enzyme,FALSE,session_16,b395
Fig_5E,EdU-positive cells per NSC clone,EdU+ cells per clone,8,ND42 X LbNOX;Ldh,Complex I,enzyme,FALSE,session_16,b395
Fig_5E,EdU-positive cells per NSC clone,EdU+ cells per clone,6,ND42 X LbNOX;Ldh,Complex I,enzyme,FALSE,session_16,b395
Fig_5E,EdU-positive cells per NSC clone,EdU+ cells per clone,6,ND42 X LbNOX;Ldh,Complex I,enzyme,FALSE,session_16,b396
Fig_5E,EdU-positive cells per NSC clone,EdU+ cells per clone,8,ND42 X LbNOX;Ldh,Complex I,enzyme,FALSE,session_16,b396
Fig_5E,EdU-positive cells per NSC clone,EdU+ cells per clone,8,ND42 X LbNOX;Ldh,Complex I,enzyme,FALSE,session_20,b397
Fig_5E,EdU-positive cells per NSC clone,EdU+ cells per clone,4,ND42 X LbNOX;Ldh,Complex I,enzyme,FALSE,session_20,b397
Fig_5E,EdU-positive cells per NSC clone,EdU+ cells per clone,8,ND42 X LbNOX;Ldh,Complex I,enzyme,FALSE,session_20,b397
Fig_5E,EdU-positive cells per NSC clone,EdU+ cells per clone,7,ND42 X LbNOX;Ldh,Complex I,enzyme,FALSE,session_20,b397
Fig_5E,EdU-positive cells per NSC clone,EdU+ cells per clone,10,ND42 X LbNOX;Ldh,Complex I,enzyme,FALSE,session_20,b398
Fig_5E,EdU-positive cells per NSC clone,EdU+ cells per clone,7,ND42 X LbNOX;Ldh,Complex I,enzyme,FALSE,session_20,b398
Fig_5E,EdU-positive cells per NSC clone,EdU+ cells per clone,10,ND42 X LbNOX;Ldh,Complex I,enzyme,FALSE,session_20,b398
Fig_5E,EdU-positive cells per NSC clone,EdU+ cells per clone,6,ND42 X LbNOX;Ldh,Complex I,enzyme,FALSE,session_20,b398
Fig_5E,EdU-positive cells per NSC clone,EdU+ cells per clone,7,ND42 X LbNOX;Ldh,Complex I,enzyme,FALSE,session_20,b399
Fig_5E,EdU-positive cells per NSC clone,EdU+ cells per clone,8,ND42 X LbNOX;Ldh,Complex I,enzyme,FALSE,session_22,b400
Fig_5E,EdU-positive cells per NSC clone,EdU+ cells per clone,4,ND42 X LbNOX;Ldh,Complex I,enzyme,FALSE,session_22,b400
Fig_5E,EdU-positive cells per NSC clone,EdU+ cells per clone,7,ND42 X LbNOX;Ldh,Complex I,enzyme,FALSE,session_22,b400
Fig_5E,EdU-positive cells per NSC clone,EdU+ cells per clone,8,ND42 X LbNOX;Ldh,Complex I,enzyme,FALSE,session_22,b400
Fig_5E,EdU-positive cells per NSC clone,EdU+ cells per clone,7,ND42 X LbNOX;Ldh,Complex I,enzyme,FALSE,session_22,b400
Fig_5E,EdU-positive cells per NSC clone,EdU+ cells per clone,9,ND42 X LbNOX;Ldh,Complex I,enzyme,FALSE,session_22,b400
Fig_5E,EdU-positive cells per NSC clone,EdU+ cells per clone,5,ND42 X LbNOX;Ldh,Complex I,enzyme,FALSE,session_22,b400
Fig_5E,EdU-positive cells per NSC clone,EdU+ cells per clone,6,ND42 X LbNOX;Ldh,Complex I,enzyme,FALSE,session_22,b400
Fig_5E,EdU-positive cells per NSC clone,EdU+ cells per clone,8,ND42 X LbNOX;Ldh,Complex I,enzyme,FALSE,session_22,b400
Fig_5E,EdU-positive cells per NSC clone,EdU+ cells per clone,3,ND42 X LbNOX;Ldh,Complex I,enzyme,FALSE,session_22,b401
Fig_5E,EdU-positive cells per NSC clone,EdU+ cells per clone,4,ND42 X LbNOX;Ldh,Complex I,enzyme,FALSE,session_22,b401
Fig_5E,EdU-positive cells per NSC clone,EdU+ cells per clone,6,ND42 X LbNOX;Ldh,Complex I,enzyme,FALSE,session_22,b401
Fig_5E,EdU-positive cells per NSC clone,EdU+ cells per clone,8,ND42 X LbNOX;Ldh,Complex I,enzyme,FALSE,session_23,b402
Fig_5E,EdU-positive cells per NSC clone,EdU+ cells per clone,8,ND42 X LbNOX;Ldh,Complex I,enzyme,FALSE,session_23,b402
Fig_5E,EdU-positive cells per NSC clone,EdU+ cells per clone,5,ND42 X LbNOX;Ldh,Complex I,enzyme,FALSE,session_23,b402
Fig_5E,EdU-positive cells per NSC clone,EdU+ cells per clone,7,ND42 X LbNOX;Ldh,Complex I,enzyme,FALSE,session_23,b402
Fig_5E,EdU-positive cells per NSC clone,EdU+ cells per clone,9,ND42 X LbNOX;Ldh,Complex I,enzyme,FALSE,session_23,b402
Fig_5E,EdU-positive cells per NSC clone,EdU+ cells per clone,7,ND42 X LbNOX;Ldh,Complex I,enzyme,FALSE,session_23,b402
Fig_5E,EdU-positive cells per NSC clone,EdU+ cells per clone,9,ND42 X LbNOX;Ldh,Complex I,enzyme,FALSE,session_23,b403
Fig_5E,EdU-positive cells per NSC clone,EdU+ cells per clone,7,ND42 X LbNOX;Ldh,Complex I,enzyme,FALSE,session_23,b403
Fig_5E,EdU-positive cells per NSC clone,EdU+ cells per clone,9,ND42 X LbNOX;Ldh,Complex I,enzyme,FALSE,session_23,b403
Fig_5E,EdU-positive cells per NSC clone,EdU+ cells per clone,7,ND42 X LbNOX;Ldh,Complex I,enzyme,FALSE,session_23,b404
Fig_5E,EdU-positive cells per NSC clone,EdU+ cells per clone,4,ND42 X LbNOX;Ldh,Complex I,enzyme,FALSE,session_23,b404
Fig_5E,EdU-positive cells per NSC clone,EdU+ cells per clone,5,ND42 X LbNOX;Ldh,Complex I,enzyme,FALSE,session_23,b404
Fig_5E,EdU-positive cells per NSC clone,EdU+ cells per clone,4,ND42 X LbNOX;Ldh,Complex I,enzyme,FALSE,session_23,b404
Fig_5E,EdU-positive cells per NSC clone,EdU+ cells per clone,6,ND42 X LbNOX;Ldh,Complex I,enzyme,FALSE,session_23,b405
Fig_5E,EdU-positive cells per NSC clone,EdU+ cells per clone,7,ND42 X LbNOX;Ldh,Complex I,enzyme,FALSE,session_23,b405
Fig_5E,EdU-positive cells per NSC clone,EdU+ cells per clone,7,ND42 X LbNOX;Ldh,Complex I,enzyme,FALSE,session_23,b405
Fig_5E,EdU-positive cells per NSC clone,EdU+ cells per clone,7,ND42 X LbNOX;Ldh,Complex I,enzyme,FALSE,session_23,b405
Fig_5E,EdU-positive cells per NSC clone,EdU+ cells per clone,7,ND42 X LbNOX;Ldh,Complex I,enzyme,FALSE,session_23,b405
Fig_5E,EdU-positive cells per NSC clone,EdU+ cells per clone,7,ND42 X LbNOX;Ldh,Complex I,enzyme,FALSE,session_23,b405
Fig_5E,EdU-positive cells per NSC clone,EdU+ cells per clone,8,ND42 X LbNOX;Ldh,Complex I,enzyme,FALSE,session_44,b406
Fig_5E,EdU-positive cells per NSC clone,EdU+ cells per clone,6,ND42 X LbNOX;Ldh,Complex I,enzyme,FALSE,session_44,b406
Fig_5E,EdU-positive cells per NSC clone,EdU+ cells per clone,9,ND42 X LbNOX;Ldh,Complex I,enzyme,FALSE,session_44,b406
Fig_5E,EdU-positive cells per NSC clone,EdU+ cells per clone,6,ND42 X LbNOX;Ldh,Complex I,enzyme,FALSE,session_06,b407
Fig_5E,EdU-positive cells per NSC clone,EdU+ cells per clone,8,ND42 X LbNOX;Ldh,Complex I,enzyme,FALSE,session_06,b407
Fig_5E,EdU-positive cells per NSC clone,EdU+ cells per clone,7,ND42 X LbNOX;Ldh,Complex I,enzyme,FALSE,session_06,b407
Fig_5E,EdU-positive cells per NSC clone,EdU+ cells per clone,9,ND42 X LbNOX;Ldh,Complex I,enzyme,FALSE,session_08,b408
Fig_5E,EdU-positive cells per NSC clone,EdU+ cells per clone,6,ND42 X LbNOX;Ldh,Complex I,enzyme,FALSE,session_08,b408
Fig_5E,EdU-positive cells per NSC clone,EdU+ cells per clone,8,ND42 X LbNOX;Ldh,Complex I,enzyme,FALSE,session_08,b408
Fig_5E,EdU-positive cells per NSC clone,EdU+ cells per clone,9,ND42 X LbNOX;Ldh,Complex I,enzyme,FALSE,session_08,b409
Fig_5E,EdU-positive cells per NSC clone,EdU+ cells per clone,8,ND42 X LbNOX;Ldh,Complex I,enzyme,FALSE,session_08,b409
Fig_5E,EdU-positive cells per NSC clone,EdU+ cells per clone,10,ND42 X LbNOX;Ldh,Complex I,enzyme,FALSE,session_08,b409
Fig_5E,EdU-positive cells per NSC clone,EdU+ cells per clone,6,ND42 X LbNOX;Ldh,Complex I,enzyme,FALSE,session_08,b409
Fig_5E,EdU-positive cells per NSC clone,EdU+ cells per clone,6,ND42 X LbNOX;Ldh,Complex I,enzyme,FALSE,session_08,b409
Fig_5E,EdU-positive cells per NSC clone,EdU+ cells per clone,7,ND42 X LbNOX;Ldh,Complex I,enzyme,FALSE,session_08,b410
Fig_5E,EdU-positive cells per NSC clone,EdU+ cells per clone,5,ND42 X LbNOX;Ldh,Complex I,enzyme,FALSE,session_08,b410
Fig_5E,EdU-positive cells per NSC clone,EdU+ cells per clone,7,ND42 X LbNOX;Ldh,Complex I,enzyme,FALSE,session_08,b410
Fig_5E,EdU-positive cells per NSC clone,EdU+ cells per clone,6,ND42 X LbNOX;Ldh,Complex I,enzyme,FALSE,session_08,b410
Fig_5E,EdU-positive cells per NSC clone,EdU+ cells per clone,6,ND42 X LbNOX;Ldh,Complex I,enzyme,FALSE,session_08,b410
Fig_5E,EdU-positive cells per NSC clone,EdU+ cells per clone,7,ND42 X LbNOX;Ldh,Complex I,enzyme,FALSE,session_08,b411
Fig_5E,EdU-positive cells per NSC clone,EdU+ cells per clone,5,ND42 X LbNOX;Ldh,Complex I,enzyme,FALSE,session_08,b411
Fig_5E,EdU-positive cells per NSC clone,EdU+ cells per clone,4,ND42 X LbNOX;Ldh,Complex I,enzyme,FALSE,session_08,b411
Fig_5E,EdU-positive cells per NSC clone,EdU+ cells per clone,6,ND42 X LbNOX;Ldh,Complex I,enzyme,FALSE,session_08,b412
Fig_5E,EdU-positive cells per NSC clone,EdU+ cells per clone,7,ND42 X LbNOX;Ldh,Complex I,enzyme,FALSE,session_08,b412
Fig_5E,EdU-positive cells per NSC clone,EdU+ cells per clone,4,ND42 X LdhB;Ldh,Complex I,enzyme,FALSE,session_21,b413
Fig_5E,EdU-positive cells per NSC clone,EdU+ cells per clone,5,ND42 X LdhB;Ldh,Complex I,enzyme,FALSE,session_21,b413
Fig_5E,EdU-positive cells per NSC clone,EdU+ cells per clone,7,ND42 X LdhB;Ldh,Complex I,enzyme,FALSE,session_21,b413
Fig_5E,EdU-positive cells per NSC clone,EdU+ cells per clone,3,ND42 X LdhB;Ldh,Complex I,enzyme,FALSE,session_21,b413
Fig_5E,EdU-positive cells per NSC clone,EdU+ cells per clone,6,ND42 X LdhB;Ldh,Complex I,enzyme,FALSE,session_21,b413
Fig_5E,EdU-positive cells per NSC clone,EdU+ cells per clone,8,ND42 X LdhB;Ldh,Complex I,enzyme,FALSE,session_21,b413
Fig_5E,EdU-positive cells per NSC clone,EdU+ cells per clone,4,ND42 X LdhB;Ldh,Complex I,enzyme,FALSE,session_21,b414
Fig_5E,EdU-positive cells per NSC clone,EdU+ cells per clone,4,ND42 X LdhB;Ldh,Complex I,enzyme,FALSE,session_21,b414
Fig_5E,EdU-positive cells per NSC clone,EdU+ cells per clone,4,ND42 X LdhB;Ldh,Complex I,enzyme,FALSE,session_21,b414
Fig_5E,EdU-positive cells per NSC clone,EdU+ cells per clone,5,ND42 X LdhB;Ldh,Complex I,enzyme,FALSE,session_21,b414
Fig_5E,EdU-positive cells per NSC clone,EdU+ cells per clone,3,ND42 X LdhB;Ldh,Complex I,enzyme,FALSE,session_21,b414
Fig_5E,EdU-positive cells per NSC clone,EdU+ cells per clone,4,ND42 X LdhB;Ldh,Complex I,enzyme,FALSE,session_21,b415
Fig_5E,EdU-positive cells per NSC clone,EdU+ cells per clone,6,ND42 X LdhB;Ldh,Complex I,enzyme,FALSE,session_21,b415
Fig_5E,EdU-positive cells per NSC clone,EdU+ cells per clone,4,ND42 X LdhB;Ldh,Complex I,enzyme,FALSE,session_21,b415
Fig_5E,EdU-positive cells per NSC clone,EdU+ cells per clone,4,ND42 X LdhB;Ldh,Complex I,enzyme,FALSE,session_21,b415
Fig_5E,EdU-positive cells per NSC clone,EdU+ cells per clone,4,ND42 X LdhB;Ldh,Complex I,enzyme,FALSE,session_21,b415
Fig_5E,EdU-positive cells per NSC clone,EdU+ cells per clone,6,ND42 X LdhB;Ldh,Complex I,enzyme,FALSE,session_21,b415
Fig_5E,EdU-positive cells per NSC clone,EdU+ cells per clone,6,ND42 X LdhB;Ldh,Complex I,enzyme,FALSE,session_21,b416
Fig_5E,EdU-positive cells per NSC clone,EdU+ cells per clone,6,ND42 X LdhB;Ldh,Complex I,enzyme,FALSE,session_21,b416
Fig_5E,EdU-positive cells per NSC clone,EdU+ cells per clone,5,ND42 X LdhB;Ldh,Complex I,enzyme,FALSE,session_21,b416
Fig_5E,EdU-positive cells per NSC clone,EdU+ cells per clone,4,ND42 X LdhB;Ldh,Complex I,enzyme,FALSE,session_21,b417
Fig_5E,EdU-positive cells per NSC clone,EdU+ cells per clone,5,ND42 X LdhB;Ldh,Complex I,enzyme,FALSE,session_21,b417
Fig_5E,EdU-positive cells per NSC clone,EdU+ cells per clone,6,ND42 X LdhB;Ldh,Complex I,enzyme,FALSE,session_21,b417
Fig_5E,EdU-positive cells per NSC clone,EdU+ cells per clone,4,ND42 X LdhB;Ldh,Complex I,enzyme,FALSE,session_07,b418
Fig_5E,EdU-positive cells per NSC clone,EdU+ cells per clone,4,ND42 X LdhB;Ldh,Complex I,enzyme,FALSE,session_07,b418
Fig_5E,EdU-positive cells per NSC clone,EdU+ cells per clone,4,ND42 X LdhB;Ldh,Complex I,enzyme,FALSE,session_07,b418
Fig_5E,EdU-positive cells per NSC clone,EdU+ cells per clone,3,ND42 X LdhB;Ldh,Complex I,enzyme,FALSE,session_07,b418
Fig_5E,EdU-positive cells per NSC clone,EdU+ cells per clone,5,ND42 X LdhB;Ldh,Complex I,enzyme,FALSE,session_07,b419
Fig_5E,EdU-positive cells per NSC clone,EdU+ cells per clone,4,ND42 X LdhB;Ldh,Complex I,enzyme,FALSE,session_07,b419
Fig_5E,EdU-positive cells per NSC clone,EdU+ cells per clone,5,ND42 X LdhB;Ldh,Complex I,enzyme,FALSE,session_07,b419
Fig_5E,EdU-positive cells per NSC clone,EdU+ cells per clone,6,ND42 X LdhB;Ldh,Complex I,enzyme,FALSE,session_07,b419
Fig_5E,EdU-positive cells per NSC clone,EdU+ cells per clone,7,ND42 X LdhB;Ldh,Complex I,enzyme,FALSE,session_07,b419
Fig_5E,EdU-positive cells per NSC clone,EdU+ cells per clone,3,ND42 X LdhB;Ldh,Complex I,enzyme,FALSE,session_07,b420
Fig_5E,EdU-positive cells per NSC clone,EdU+ cells per clone,4,ND42 X LdhB;Ldh,Complex I,enzyme,FALSE,session_07,b420
Fig_5E,EdU-positive cells per NSC clone,EdU+ cells per clone,3,ND42 X LdhB;Ldh,Complex I,enzyme,FALSE,session_07,b420
Fig_5E,EdU-positive cells per NSC clone,EdU+ cells per clone,4,ND42 X LdhB;Ldh,Complex I,enzyme,FALSE,session_07,b421
Fig_5E,EdU-positive cells per NSC clone,EdU+ cells per clone,4,ND42 X LdhB;Ldh,Complex I,enzyme,FALSE,session_07,b421
Fig_5E,EdU-positive cells per NSC clone,EdU+ cells per clone,5,ND42 X LdhB;Ldh,Complex I,enzyme,FALSE,session_07,b421
Fig_5E,EdU-positive cells per NSC clone,EdU+ cells per clone,6,ND42 X LdhB;Ldh,Complex I,enzyme,FALSE,session_07,b421
Fig_5E,EdU-positive cells per NSC clone,EdU+ cells per clone,3,ND42 X LdhB;Ldh,Complex I,enzyme,FALSE,session_07,b421
Fig_5E,EdU-positive cells per NSC clone,EdU+ cells per clone,3,ND42 X LdhB;Ldh,Complex I,enzyme,FALSE,session_07,b421
Fig_5E,EdU-positive cells per NSC clone,EdU+ cells per clone,2,ND42 X LdhB;Ldh,Complex I,enzyme,FALSE,session_07,b421
Fig_5E,EdU-positive cells per NSC clone,EdU+ cells per clone,6,ND42 X LdhB;Ldh,Complex I,enzyme,FALSE,session_07,b422
Fig_5E,EdU-positive cells per NSC clone,EdU+ cells per clone,1,ND42 X LdhB;Ldh,Complex I,enzyme,FALSE,session_07,b422
Fig_5E,EdU-positive cells per NSC clone,EdU+ cells per clone,3,ND42 X LdhB;Ldh,Complex I,enzyme,FALSE,session_07,b422
Fig_5E,EdU-positive cells per NSC clone,EdU+ cells per clone,5,ND42 X LdhB;Ldh,Complex I,enzyme,FALSE,session_08,b423
Fig_5E,EdU-positive cells per NSC clone,EdU+ cells per clone,4,ND42 X LdhB;Ldh,Complex I,enzyme,FALSE,session_08,b423
Fig_5E,EdU-positive cells per NSC clone,EdU+ cells per clone,4,ND42 X LdhB;Ldh,Complex I,enzyme,FALSE,session_08,b423
Fig_5E,EdU-positive cells per NSC clone,EdU+ cells per clone,5,ND42 X LdhB;Ldh,Complex I,enzyme,FALSE,session_08,b423
Fig_5E,EdU-positive cells per NSC clone,EdU+ cells per clone,5,ND42 X LdhB;Ldh,Complex I,enzyme,FALSE,session_08,b423
Fig_5E,EdU-positive cells per NSC clone,EdU+ cells per clone,5,ND42 X LdhB;Ldh,Complex I,enzyme,FALSE,session_08,b424
Fig_5E,EdU-positive cells per NSC clone,EdU+ cells per clone,5,ND42 X LdhB;Ldh,Complex I,enzyme,FALSE,session_08,b424
Fig_5E,EdU-positive cells per NSC clone,EdU+ cells per clone,2,ND42 X LdhB;Ldh,Complex I,enzyme,FALSE,session_08,b424
Fig_5E,EdU-positive cells per NSC clone,EdU+ cells per clone,8,ND42 X LdhA;Ldh,Complex I,enzyme,FALSE,session_45,b425
Fig_5E,EdU-positive cells per NSC clone,EdU+ cells per clone,6,ND42 X LdhA;Ldh,Complex I,enzyme,FALSE,session_45,b425
Fig_5E,EdU-positive cells per NSC clone,EdU+ cells per clone,4,ND42 X LdhA;Ldh,Complex I,enzyme,FALSE,session_45,b425
Fig_5E,EdU-positive cells per NSC clone,EdU+ cells per clone,8,ND42 X LdhA;Ldh,Complex I,enzyme,FALSE,session_45,b425
Fig_5E,EdU-positive cells per NSC clone,EdU+ cells per clone,9,ND42 X LdhA;Ldh,Complex I,enzyme,FALSE,session_45,b425
Fig_5E,EdU-positive cells per NSC clone,EdU+ cells per clone,8,ND42 X LdhA;Ldh,Complex I,enzyme,FALSE,session_45,b425
Fig_5E,EdU-positive cells per NSC clone,EdU+ cells per clone,6,ND42 X LdhA;Ldh,Complex I,enzyme,FALSE,session_45,b425
Fig_5E,EdU-positive cells per NSC clone,EdU+ cells per clone,6,ND42 X LdhA;Ldh,Complex I,enzyme,FALSE,session_45,b426
Fig_5E,EdU-positive cells per NSC clone,EdU+ cells per clone,5,ND42 X LdhA;Ldh,Complex I,enzyme,FALSE,session_45,b426
Fig_5E,EdU-positive cells per NSC clone,EdU+ cells per clone,9,ND42 X LdhA;Ldh,Complex I,enzyme,FALSE,session_45,b426
Fig_5E,EdU-positive cells per NSC clone,EdU+ cells per clone,8,ND42 X LdhA;Ldh,Complex I,enzyme,FALSE,session_45,b426
Fig_5E,EdU-positive cells per NSC clone,EdU+ cells per clone,7,ND42 X LdhA;Ldh,Complex I,enzyme,FALSE,session_45,b426
Fig_5E,EdU-positive cells per NSC clone,EdU+ cells per clone,8,ND42 X LdhA;Ldh,Complex I,enzyme,FALSE,session_45,b426
Fig_5E,EdU-positive cells per NSC clone,EdU+ cells per clone,10,ND42 X LdhA;Ldh,Complex I,enzyme,FALSE,session_31,b427
Fig_5E,EdU-positive cells per NSC clone,EdU+ cells per clone,8,ND42 X LdhA;Ldh,Complex I,enzyme,FALSE,session_31,b427
Fig_5E,EdU-positive cells per NSC clone,EdU+ cells per clone,7,ND42 X LdhA;Ldh,Complex I,enzyme,FALSE,session_31,b427
Fig_5E,EdU-positive cells per NSC clone,EdU+ cells per clone,8,ND42 X LdhA;Ldh,Complex I,enzyme,FALSE,session_31,b427
Fig_5E,EdU-positive cells per NSC clone,EdU+ cells per clone,6,ND42 X LdhA;Ldh,Complex I,enzyme,FALSE,session_31,b427
Fig_5E,EdU-positive cells per NSC clone,EdU+ cells per clone,6,ND42 X LdhA;Ldh,Complex I,enzyme,FALSE,session_31,b427
Fig_5E,EdU-positive cells per NSC clone,EdU+ cells per clone,6,ND42 X LdhA;Ldh,Complex I,enzyme,FALSE,session_31,b428
Fig_5E,EdU-positive cells per NSC clone,EdU+ cells per clone,7,ND42 X LdhA;Ldh,Complex I,enzyme,FALSE,session_31,b428
Fig_5E,EdU-positive cells per NSC clone,EdU+ cells per clone,8,ND42 X LdhA;Ldh,Complex I,enzyme,FALSE,session_31,b428
Fig_5E,EdU-positive cells per NSC clone,EdU+ cells per clone,7,ND42 X LdhA;Ldh,Complex I,enzyme,FALSE,session_31,b428
Fig_5E,EdU-positive cells per NSC clone,EdU+ cells per clone,6,ND42 X LdhA;Ldh,Complex I,enzyme,FALSE,session_31,b428
Fig_5E,EdU-positive cells per NSC clone,EdU+ cells per clone,8,ND42 X LdhA;Ldh,Complex I,enzyme,FALSE,session_07,b429
Fig_5E,EdU-positive cells per NSC clone,EdU+ cells per clone,5,ND42 X LdhA;Ldh,Complex I,enzyme,FALSE,session_07,b429
Fig_5E,EdU-positive cells per NSC clone,EdU+ cells per clone,5,ND42 X LdhA;Ldh,Complex I,enzyme,FALSE,session_07,b429
Fig_5E,EdU-positive cells per NSC clone,EdU+ cells per clone,7,ND42 X LdhA;Ldh,Complex I,enzyme,FALSE,session_07,b430
Fig_5E,EdU-positive cells per NSC clone,EdU+ cells per clone,6,ND42 X LdhA;Ldh,Complex I,enzyme,FALSE,session_07,b430
Fig_5E,EdU-positive cells per NSC clone,EdU+ cells per clone,6,ND42 X LdhA;Ldh,Complex I,enzyme,FALSE,session_07,b430
Fig_5E,EdU-positive cells per NSC clone,EdU+ cells per clone,11,ND42 X LdhA;Ldh,Complex I,enzyme,FALSE,session_07,b430
Fig_5E,EdU-positive cells per NSC clone,EdU+ cells per clone,7,ND42 X LdhA;Ldh,Complex I,enzyme,FALSE,session_07,b430
Fig_5E,EdU-positive cells per NSC clone,EdU+ cells per clone,7,ND42 X LdhA;Ldh,Complex I,enzyme,FALSE,session_08,b431
Fig_5E,EdU-positive cells per NSC clone,EdU+ cells per clone,6,ND42 X LdhA;Ldh,Complex I,enzyme,FALSE,session_08,b431
